state,county,cases,fips,state3
ALABAMA,AUTAUGA,22.35,01001,AL
ALABAMA,BALDWIN,21.21,01003,AL
ALABAMA,BARBOUR,23.53,01005,AL
ALABAMA,BIBB,37.21,01007,AL
ALABAMA,BLOUNT,31.03,01009,AL
ALABAMA,BULLOCK,20.0,01011,AL
ALABAMA,BUTLER,29.46,01013,AL
ALABAMA,CALHOUN,25.12,01015,AL
ALABAMA,CHAMBERS,27.51,01017,AL
ALABAMA,CHEROKEE,35.17,01019,AL
ALABAMA,CHILTON,28.16,01021,AL
ALABAMA,CHOCTAW,16.13,01023,AL
ALABAMA,CLARKE,18.55,01025,AL
ALABAMA,CLAY,27.85,01027,AL
ALABAMA,CLEBURNE,27.78,01029,AL
ALABAMA,COFFEE,23.19,01031,AL
ALABAMA,COLBERT,22.37,01033,AL
ALABAMA,CONECUH,22.22,01035,AL
ALABAMA,COOSA,34.69,01037,AL
ALABAMA,COVINGTON,34.36,01039,AL
ALABAMA,CRENSHAW,29.73,01041,AL
ALABAMA,CULLMAN,25.59,01043,AL
ALABAMA,DALE,23.1,01045,AL
ALABAMA,DALLAS,26.0,01047,AL
ALABAMA,ELMORE,22.33,01051,AL
ALABAMA,ESCAMBIA,25.14,01053,AL
ALABAMA,ETOWAH,30.09,01055,AL
ALABAMA,FAYETTE,29.76,01057,AL
ALABAMA,FRANKLIN,27.62,01059,AL
ALABAMA,GENEVA,31.65,01061,AL
ALABAMA,GREENE,25.0,01063,AL
ALABAMA,HALE,24.14,01065,AL
ALABAMA,HENRY,25.0,01067,AL
ALABAMA,HOUSTON,25.87,01069,AL
ALABAMA,JACKSON,24.76,01071,AL
ALABAMA,JEFFERSON,24.89,01073,AL
ALABAMA,LAMAR,21.1,01075,AL
ALABAMA,LAUDERDALE,18.98,01077,AL
ALABAMA,LAWRENCE,26.87,01079,AL
ALABAMA,LEE,15.09,01081,AL
ALABAMA,LIMESTONE,27.63,01083,AL
ALABAMA,LOWNDES,40.0,01085,AL
ALABAMA,MACON,16.95,01087,AL
ALABAMA,MADISON,28.08,01089,AL
ALABAMA,MARENGO,22.73,01091,AL
ALABAMA,MARION,22.78,01093,AL
ALABAMA,MARSHALL,28.31,01095,AL
ALABAMA,MOBILE,27.8,01097,AL
ALABAMA,MONROE,21.28,01099,AL
ALABAMA,MONTGOMERY,24.34,01101,AL
ALABAMA,MORGAN,27.98,01103,AL
ALABAMA,PERRY,32.5,01105,AL
ALABAMA,PICKENS,25.89,01107,AL
ALABAMA,PIKE,22.52,01109,AL
ALABAMA,RANDOLPH,24.55,01111,AL
ALABAMA,RUSSELL,28.24,01113,AL
ALABAMA,SHELBY,27.55,01117,AL
ALABAMA,ST. CLAIR,27.65,01115,AL
ALABAMA,SUMTER,27.14,01119,AL
ALABAMA,TALLADEGA,25.19,01121,AL
ALABAMA,TALLAPOOSA,22.58,01123,AL
ALABAMA,TUSCALOOSA,26.54,01125,AL
ALABAMA,WALKER,39.74,01127,AL
ALABAMA,WASHINGTON,24.1,01129,AL
ALABAMA,WILCOX,26.42,01131,AL
ALABAMA,WINSTON,21.99,01133,AL
ALASKA,BRISTOL BAY BOROUGH,7.69,02060,AK
ALASKA,KODIAK ISLAND BOROUGH,9.09,02150,AK
ARIZONA,APACHE,16.51,04001,AZ
ARIZONA,COCHISE,22.91,04003,AZ
ARIZONA,COCONINO,22.3,04005,AZ
ARIZONA,GILA,19.67,04007,AZ
ARIZONA,GRAHAM,16.82,04009,AZ
ARIZONA,GREENLEE,10.71,04011,AZ
ARIZONA,MARICOPA,27.04,04013,AZ
ARIZONA,MOHAVE,23.79,04015,AZ
ARIZONA,NAVAJO,19.01,04017,AZ
ARIZONA,PIMA,23.04,04019,AZ
ARIZONA,PINAL,22.75,04021,AZ
ARIZONA,SANTA CRUZ,16.18,04023,AZ
ARIZONA,YAVAPAI,21.18,04025,AZ
ARIZONA,YUMA,22.63,04027,AZ
ARKANSAS,ARKANSAS,13.95,05001,AR
ARKANSAS,ASHLEY,17.75,05003,AR
ARKANSAS,BAXTER,28.43,05005,AR
ARKANSAS,BENTON,20.78,05007,AR
ARKANSAS,BOONE,19.92,05009,AR
ARKANSAS,BRADLEY,17.5,05011,AR
ARKANSAS,CALHOUN,10.53,05013,AR
ARKANSAS,CARROLL,19.31,05015,AR
ARKANSAS,CHICOT,10.84,05017,AR
ARKANSAS,CLARK,21.43,05019,AR
ARKANSAS,CLAY,22.81,05021,AR
ARKANSAS,CLEBURNE,15.83,05023,AR
ARKANSAS,CLEVELAND,17.5,05025,AR
ARKANSAS,COLUMBIA,14.77,05027,AR
ARKANSAS,CONWAY,25.2,05029,AR
ARKANSAS,CRAIGHEAD,16.02,05031,AR
ARKANSAS,CRAWFORD,23.95,05033,AR
ARKANSAS,CRITTENDEN,20.9,05035,AR
ARKANSAS,CROSS,14.14,05037,AR
ARKANSAS,DALLAS,22.73,05039,AR
ARKANSAS,DESHA,10.14,05041,AR
ARKANSAS,DREW,21.59,05043,AR
ARKANSAS,FAULKNER,18.25,05045,AR
ARKANSAS,FRANKLIN,34.44,05047,AR
ARKANSAS,FULTON,15.22,05049,AR
ARKANSAS,GARLAND,16.29,05051,AR
ARKANSAS,GRANT,27.96,05053,AR
ARKANSAS,GREENE,16.67,05055,AR
ARKANSAS,HEMPSTEAD,20.69,05057,AR
ARKANSAS,HOT SPRING,23.03,05059,AR
ARKANSAS,HOWARD,24.73,05061,AR
ARKANSAS,INDEPENDENCE,24.46,05063,AR
ARKANSAS,IZARD,14.81,05065,AR
ARKANSAS,JACKSON,16.19,05067,AR
ARKANSAS,JEFFERSON,23.18,05069,AR
ARKANSAS,JOHNSON,21.82,05071,AR
ARKANSAS,LAFAYETTE,17.5,05073,AR
ARKANSAS,LAWRENCE,21.19,05075,AR
ARKANSAS,LEE,33.33,05077,AR
ARKANSAS,LINCOLN,13.04,05079,AR
ARKANSAS,LITTLE RIVER,18.89,05081,AR
ARKANSAS,LOGAN,24.44,05083,AR
ARKANSAS,LONOKE,23.08,05085,AR
ARKANSAS,MADISON,19.75,05087,AR
ARKANSAS,MARION,17.35,05089,AR
ARKANSAS,MILLER,17.65,05091,AR
ARKANSAS,MISSISSIPPI,19.88,05093,AR
ARKANSAS,MONROE,25.0,05095,AR
ARKANSAS,MONTGOMERY,17.46,05097,AR
ARKANSAS,NEVADA,14.29,05099,AR
ARKANSAS,NEWTON,15.38,05101,AR
ARKANSAS,OUACHITA,19.12,05103,AR
ARKANSAS,PERRY,18.97,05105,AR
ARKANSAS,PHILLIPS,16.85,05107,AR
ARKANSAS,PIKE,13.51,05109,AR
ARKANSAS,POINSETT,25.38,05111,AR
ARKANSAS,POLK,19.72,05113,AR
ARKANSAS,POPE,17.96,05115,AR
ARKANSAS,PRAIRIE,29.41,05117,AR
ARKANSAS,PULASKI,21.55,05119,AR
ARKANSAS,RANDOLPH,14.02,05121,AR
ARKANSAS,SALINE,22.48,05125,AR
ARKANSAS,SCOTT,34.0,05127,AR
ARKANSAS,SEARCY,23.08,05129,AR
ARKANSAS,SEBASTIAN,24.85,05131,AR
ARKANSAS,SEVIER,28.89,05133,AR
ARKANSAS,SHARP,23.66,05135,AR
ARKANSAS,ST. FRANCIS,24.56,05123,AR
ARKANSAS,STONE,25.93,05137,AR
ARKANSAS,UNION,23.92,05139,AR
ARKANSAS,VAN BUREN,21.43,05141,AR
ARKANSAS,WASHINGTON,17.15,05143,AR
ARKANSAS,WHITE,22.96,05145,AR
ARKANSAS,WOODRUFF,17.65,05147,AR
ARKANSAS,YELL,10.61,05149,AR
CALIFORNIA,ALAMEDA,24.39,06001,CA
CALIFORNIA,ALPINE,0.0,06003,CA
CALIFORNIA,AMADOR,20.69,06005,CA
CALIFORNIA,BUTTE,18.63,06007,CA
CALIFORNIA,CALAVERAS,16.33,06009,CA
CALIFORNIA,COLUSA,24.79,06011,CA
CALIFORNIA,CONTRA COSTA,22.28,06013,CA
CALIFORNIA,DEL NORTE,22.06,06015,CA
CALIFORNIA,EL DORADO,17.13,06017,CA
CALIFORNIA,FRESNO,27.6,06019,CA
CALIFORNIA,GLENN,17.46,06021,CA
CALIFORNIA,HUMBOLDT,19.96,06023,CA
CALIFORNIA,IMPERIAL,33.62,06025,CA
CALIFORNIA,INYO,18.69,06027,CA
CALIFORNIA,KERN,22.13,06029,CA
CALIFORNIA,KINGS,24.67,06031,CA
CALIFORNIA,LAKE,20.57,06033,CA
CALIFORNIA,LASSEN,16.67,06035,CA
CALIFORNIA,LOS ANGELES,26.08,06037,CA
CALIFORNIA,MADERA,25.74,06039,CA
CALIFORNIA,MARIN,13.05,06041,CA
CALIFORNIA,MARIPOSA,18.0,06043,CA
CALIFORNIA,MENDOCINO,12.89,06045,CA
CALIFORNIA,MERCED,23.73,06047,CA
CALIFORNIA,MODOC,19.51,06049,CA
CALIFORNIA,MONO,10.71,06051,CA
CALIFORNIA,MONTEREY,17.1,06053,CA
CALIFORNIA,NAPA,20.52,06055,CA
CALIFORNIA,NEVADA,16.61,06057,CA
CALIFORNIA,ORANGE,25.09,06059,CA
CALIFORNIA,PLACER,20.76,06061,CA
CALIFORNIA,PLUMAS,15.79,06063,CA
CALIFORNIA,RIVERSIDE,25.62,06065,CA
CALIFORNIA,SACRAMENTO,25.05,06067,CA
CALIFORNIA,SAN BENITO,15.04,06069,CA
CALIFORNIA,SAN BERNARDINO,28.21,06071,CA
CALIFORNIA,SAN DIEGO,20.68,06073,CA
CALIFORNIA,SAN FRANCISCO,20.7,06075,CA
CALIFORNIA,SAN JOAQUIN,26.48,06077,CA
CALIFORNIA,SAN LUIS OBISPO,18.54,06079,CA
CALIFORNIA,SAN MATEO,19.33,06081,CA
CALIFORNIA,SANTA BARBARA,20.04,06083,CA
CALIFORNIA,SANTA CLARA,19.33,06085,CA
CALIFORNIA,SANTA CRUZ,15.78,06087,CA
CALIFORNIA,SHASTA,17.82,06089,CA
CALIFORNIA,SIERRA,9.68,06091,CA
CALIFORNIA,SISKIYOU,17.55,06093,CA
CALIFORNIA,SOLANO,24.98,06095,CA
CALIFORNIA,SONOMA,17.33,06097,CA
CALIFORNIA,STANISLAUS,25.38,06099,CA
CALIFORNIA,SUTTER,25.68,06101,CA
CALIFORNIA,TEHAMA,14.77,06103,CA
CALIFORNIA,TRINITY,15.53,06105,CA
CALIFORNIA,TULARE,24.13,06107,CA
CALIFORNIA,TUOLUMNE,16.82,06109,CA
CALIFORNIA,VENTURA,23.75,06111,CA
CALIFORNIA,YOLO,19.34,06113,CA
CALIFORNIA,YUBA,20.99,06115,CA
COLORADO,ADAMS,23.61,08001,CO
COLORADO,ALAMOSA,7.69,08003,CO
COLORADO,ARAPAHOE,20.92,08005,CO
COLORADO,ARCHULETA,13.73,08007,CO
COLORADO,BACA,17.65,08009,CO
COLORADO,BENT,20.59,08011,CO
COLORADO,BOULDER,12.92,08013,CO
COLORADO,BROOMFIELD,21.71,08014,CO
COLORADO,CHAFFEE,13.95,08015,CO
COLORADO,CHEYENNE,16.67,08017,CO
COLORADO,CLEAR CREEK,14.29,08019,CO
COLORADO,CONEJOS,18.42,08021,CO
COLORADO,COSTILLA,13.04,08023,CO
COLORADO,CROWLEY,17.39,08025,CO
COLORADO,CUSTER,24.44,08027,CO
COLORADO,DELTA,16.4,08029,CO
COLORADO,DENVER,18.58,08031,CO
COLORADO,DOLORES,33.33,08033,CO
COLORADO,DOUGLAS,20.33,08035,CO
COLORADO,EAGLE,5.39,08037,CO
COLORADO,EL PASO,22.74,08041,CO
COLORADO,ELBERT,16.78,08039,CO
COLORADO,FREMONT,19.3,08043,CO
COLORADO,GARFIELD,14.66,08045,CO
COLORADO,GILPIN,0.0,08047,CO
COLORADO,GRAND,14.52,08049,CO
COLORADO,GUNNISON,13.43,08051,CO
COLORADO,HINSDALE,6.25,08053,CO
COLORADO,HUERFANO,12.12,08055,CO
COLORADO,JACKSON,54.55,08057,CO
COLORADO,JEFFERSON,23.73,08059,CO
COLORADO,KIOWA,13.33,08061,CO
COLORADO,KIT CARSON,7.55,08063,CO
COLORADO,LA PLATA,17.98,08067,CO
COLORADO,LAKE,25.71,08065,CO
COLORADO,LARIMER,17.3,08069,CO
COLORADO,LAS ANIMAS,16.67,08071,CO
COLORADO,LINCOLN,41.67,08073,CO
COLORADO,LOGAN,24.76,08075,CO
COLORADO,MESA,13.75,08077,CO
COLORADO,MINERAL,16.67,08079,CO
COLORADO,MOFFAT,21.74,08081,CO
COLORADO,MONTEZUMA,17.68,08083,CO
COLORADO,MONTROSE,12.59,08085,CO
COLORADO,MORGAN,19.57,08087,CO
COLORADO,OTERO,22.22,08089,CO
COLORADO,OURAY,6.45,08091,CO
COLORADO,PARK,24.1,08093,CO
COLORADO,PHILLIPS,4.35,08095,CO
COLORADO,PITKIN,13.64,08097,CO
COLORADO,PROWERS,10.26,08099,CO
COLORADO,PUEBLO,19.66,08101,CO
COLORADO,RIO BLANCO,14.29,08103,CO
COLORADO,RIO GRANDE,16.67,08105,CO
COLORADO,ROUTT,17.6,08107,CO
COLORADO,SAGUACHE,10.81,08109,CO
COLORADO,SAN JUAN,42.86,08111,CO
COLORADO,SAN MIGUEL,9.52,08113,CO
COLORADO,SEDGWICK,18.52,08115,CO
COLORADO,SUMMIT,13.08,08117,CO
COLORADO,TELLER,22.73,08119,CO
COLORADO,WASHINGTON,12.5,08121,CO
COLORADO,WELD,19.47,08123,CO
COLORADO,YUMA,16.87,08125,CO
CONNECTICUT,FAIRFIELD,19.72,09001,CT
CONNECTICUT,HARTFORD,25.54,09003,CT
CONNECTICUT,LITCHFIELD,20.6,09005,CT
CONNECTICUT,MIDDLESEX,23.15,09007,CT
CONNECTICUT,NEW HAVEN,23.59,09009,CT
CONNECTICUT,NEW LONDON,23.86,09011,CT
CONNECTICUT,TOLLAND,22.91,09013,CT
CONNECTICUT,WINDHAM,18.52,09015,CT
DELAWARE,KENT,30.05,10001,DE
DELAWARE,NEW CASTLE,21.66,10003,DE
DELAWARE,SUSSEX,21.19,10005,DE
FLORIDA,ALACHUA,27.87,12001,FL
FLORIDA,BAKER,31.31,12003,FL
FLORIDA,BAY,21.96,12005,FL
FLORIDA,BRADFORD,31.78,12007,FL
FLORIDA,BREVARD,29.18,12009,FL
FLORIDA,BROWARD,28.75,12011,FL
FLORIDA,CALHOUN,24.19,12013,FL
FLORIDA,CHARLOTTE,26.41,12015,FL
FLORIDA,CITRUS,34.62,12017,FL
FLORIDA,CLAY,28.76,12019,FL
FLORIDA,COLLIER,21.85,12021,FL
FLORIDA,COLUMBIA,29.36,12023,FL
FLORIDA,DIXIE,34.52,12029,FL
FLORIDA,DUVAL,26.51,12031,FL
FLORIDA,ESCAMBIA,26.4,12033,FL
FLORIDA,FLAGLER,23.92,12035,FL
FLORIDA,FRANKLIN,14.55,12037,FL
FLORIDA,GADSDEN,22.43,12039,FL
FLORIDA,GILCHRIST,28.89,12041,FL
FLORIDA,GLADES,40.48,12043,FL
FLORIDA,GULF,24.18,12045,FL
FLORIDA,HAMILTON,34.25,12047,FL
FLORIDA,HARDEE,34.0,12049,FL
FLORIDA,HENDRY,29.77,12051,FL
FLORIDA,HERNANDO,32.45,12053,FL
FLORIDA,HIGHLANDS,27.9,12055,FL
FLORIDA,HILLSBOROUGH,30.71,12057,FL
FLORIDA,HOLMES,37.61,12059,FL
FLORIDA,INDIAN RIVER,21.62,12061,FL
FLORIDA,JACKSON,24.57,12063,FL
FLORIDA,JEFFERSON,20.41,12065,FL
FLORIDA,LAFAYETTE,39.29,12067,FL
FLORIDA,LAKE,32.69,12069,FL
FLORIDA,LEE,25.4,12071,FL
FLORIDA,LEON,21.74,12073,FL
FLORIDA,LEVY,32.18,12075,FL
FLORIDA,LIBERTY,42.31,12077,FL
FLORIDA,MADISON,30.69,12079,FL
FLORIDA,MANATEE,24.23,12081,FL
FLORIDA,MARION,32.63,12083,FL
FLORIDA,MARTIN,19.25,12085,FL
FLORIDA,MIAMI-DADE,29.52,12086,FL
FLORIDA,MONROE,12.75,12087,FL
FLORIDA,NASSAU,23.61,12089,FL
FLORIDA,OKALOOSA,29.89,12091,FL
FLORIDA,OKEECHOBEE,31.77,12093,FL
FLORIDA,ORANGE,28.69,12095,FL
FLORIDA,OSCEOLA,32.28,12097,FL
FLORIDA,PALM BEACH,28.67,12099,FL
FLORIDA,PASCO,31.62,12101,FL
FLORIDA,PINELLAS,30.37,12103,FL
FLORIDA,POLK,34.47,12105,FL
FLORIDA,PUTNAM,33.77,12107,FL
FLORIDA,SANTA ROSA,27.69,12113,FL
FLORIDA,SARASOTA,21.93,12115,FL
FLORIDA,SEMINOLE,29.19,12117,FL
FLORIDA,ST. JOHNS,24.35,12109,FL
FLORIDA,ST. LUCIE,26.22,12111,FL
FLORIDA,SUMTER,31.74,12119,FL
FLORIDA,SUWANNEE,36.13,12121,FL
FLORIDA,TAYLOR,22.9,12123,FL
FLORIDA,UNION,23.81,12125,FL
FLORIDA,VOLUSIA,27.67,12127,FL
FLORIDA,WAKULLA,26.51,12129,FL
FLORIDA,WALTON,26.17,12131,FL
FLORIDA,WASHINGTON,32.17,12133,FL
GEORGIA,APPLING,23.81,13001,GA
GEORGIA,ATKINSON,26.92,13003,GA
GEORGIA,BACON,20.0,13005,GA
GEORGIA,BAKER,25.0,13007,GA
GEORGIA,BALDWIN,26.21,13009,GA
GEORGIA,BANKS,39.58,13011,GA
GEORGIA,BARROW,30.62,13013,GA
GEORGIA,BARTOW,31.52,13015,GA
GEORGIA,BEN HILL,27.03,13017,GA
GEORGIA,BERRIEN,35.21,13019,GA
GEORGIA,BIBB,33.33,13021,GA
GEORGIA,BLECKLEY,17.5,13023,GA
GEORGIA,BRANTLEY,25.42,13025,GA
GEORGIA,BROOKS,28.26,13027,GA
GEORGIA,BRYAN,14.93,13029,GA
GEORGIA,BULLOCH,24.88,13031,GA
GEORGIA,BURKE,30.65,13033,GA
GEORGIA,BUTTS,36.08,13035,GA
GEORGIA,CALHOUN,11.76,13037,GA
GEORGIA,CAMDEN,18.18,13039,GA
GEORGIA,CANDLER,30.77,13043,GA
GEORGIA,CARROLL,27.1,13045,GA
GEORGIA,CATOOSA,24.77,13047,GA
GEORGIA,CHARLTON,22.73,13049,GA
GEORGIA,CHATHAM,20.52,13051,GA
GEORGIA,CHATTAHOOCHEE,0.0,13053,GA
GEORGIA,CHATTOOGA,24.55,13055,GA
GEORGIA,CHEROKEE,22.93,13057,GA
GEORGIA,CLARKE,19.19,13059,GA
GEORGIA,CLAY,20.0,13061,GA
GEORGIA,CLAYTON,23.56,13063,GA
GEORGIA,CLINCH,30.0,13065,GA
GEORGIA,COBB,21.32,13067,GA
GEORGIA,COFFEE,23.94,13069,GA
GEORGIA,COLQUITT,23.4,13071,GA
GEORGIA,COLUMBIA,21.03,13073,GA
GEORGIA,COOK,21.67,13075,GA
GEORGIA,COWETA,18.87,13077,GA
GEORGIA,CRAWFORD,38.71,13079,GA
GEORGIA,CRISP,27.78,13081,GA
GEORGIA,DADE,30.39,13083,GA
GEORGIA,DAWSON,23.13,13085,GA
GEORGIA,DECATUR,22.55,13087,GA
GEORGIA,DODGE,33.33,13091,GA
GEORGIA,DOOLY,41.86,13093,GA
GEORGIA,DOUGHERTY,24.32,13095,GA
GEORGIA,DOUGLAS,24.66,13097,GA
GEORGIA,EARLY,18.37,13099,GA
GEORGIA,ECHOLS,0.0,13101,GA
GEORGIA,EFFINGHAM,17.44,13103,GA
GEORGIA,ELBERT,34.65,13105,GA
GEORGIA,EMANUEL,42.05,13107,GA
GEORGIA,EVANS,20.0,13109,GA
GEORGIA,FANNIN,21.43,13111,GA
GEORGIA,FAYETTE,18.57,13113,GA
GEORGIA,FLOYD,29.91,13115,GA
GEORGIA,FORSYTH,20.7,13117,GA
GEORGIA,FRANKLIN,31.75,13119,GA
GEORGIA,FULTON,20.14,13121,GA
GEORGIA,GILMER,24.62,13123,GA
GEORGIA,GLASCOCK,12.5,13125,GA
GEORGIA,GLYNN,18.69,13127,GA
GEORGIA,GORDON,27.94,13129,GA
GEORGIA,GRADY,18.0,13131,GA
GEORGIA,GREENE,19.01,13133,GA
GEORGIA,GWINNETT,24.02,13135,GA
GEORGIA,HABERSHAM,31.32,13137,GA
GEORGIA,HALL,28.96,13139,GA
GEORGIA,HANCOCK,30.3,13141,GA
GEORGIA,HARALSON,27.97,13143,GA
GEORGIA,HARRIS,29.41,13145,GA
GEORGIA,HART,22.63,13147,GA
GEORGIA,HEARD,21.88,13149,GA
GEORGIA,HENRY,27.19,13151,GA
GEORGIA,HOUSTON,41.88,13153,GA
GEORGIA,IRWIN,21.21,13155,GA
GEORGIA,JACKSON,23.85,13157,GA
GEORGIA,JASPER,11.76,13159,GA
GEORGIA,JEFF DAVIS,26.23,13161,GA
GEORGIA,JEFFERSON,30.12,13163,GA
GEORGIA,JENKINS,25.0,13165,GA
GEORGIA,JOHNSON,35.71,13167,GA
GEORGIA,JONES,35.06,13169,GA
GEORGIA,LAMAR,15.87,13171,GA
GEORGIA,LANIER,23.81,13173,GA
GEORGIA,LAURENS,36.72,13175,GA
GEORGIA,LEE,24.14,13177,GA
GEORGIA,LIBERTY,21.74,13179,GA
GEORGIA,LINCOLN,17.78,13181,GA
GEORGIA,LONG,14.81,13183,GA
GEORGIA,LOWNDES,32.96,13185,GA
GEORGIA,LUMPKIN,26.56,13187,GA
GEORGIA,MACON,34.09,13193,GA
GEORGIA,MADISON,19.01,13195,GA
GEORGIA,MARION,16.67,13197,GA
GEORGIA,MERIWETHER,26.32,13199,GA
GEORGIA,MILLER,12.5,13201,GA
GEORGIA,MITCHELL,19.54,13205,GA
GEORGIA,MONROE,28.72,13207,GA
GEORGIA,MONTGOMERY,33.33,13209,GA
GEORGIA,MORGAN,16.88,13211,GA
GEORGIA,MURRAY,22.16,13213,GA
GEORGIA,MUSCOGEE,30.04,13215,GA
GEORGIA,NEWTON,30.04,13217,GA
GEORGIA,OCONEE,20.59,13219,GA
GEORGIA,OGLETHORPE,34.69,13221,GA
GEORGIA,PAULDING,23.36,13223,GA
GEORGIA,PEACH,34.0,13225,GA
GEORGIA,PICKENS,23.96,13227,GA
GEORGIA,PIERCE,32.89,13229,GA
GEORGIA,PIKE,24.68,13231,GA
GEORGIA,POLK,29.71,13233,GA
GEORGIA,PULASKI,31.75,13235,GA
GEORGIA,PUTNAM,24.62,13237,GA
GEORGIA,QUITMAN,100.0,13239,GA
GEORGIA,RABUN,20.0,13241,GA
GEORGIA,RANDOLPH,12.5,13243,GA
GEORGIA,RICHMOND,22.08,13245,GA
GEORGIA,ROCKDALE,29.96,13247,GA
GEORGIA,SCHLEY,20.0,13249,GA
GEORGIA,SCREVEN,18.75,13251,GA
GEORGIA,SEMINOLE,20.0,13253,GA
GEORGIA,SPALDING,33.71,13255,GA
GEORGIA,STEPHENS,38.82,13257,GA
GEORGIA,STEWART,11.11,13259,GA
GEORGIA,SUMTER,21.62,13261,GA
GEORGIA,TALBOT,21.88,13263,GA
GEORGIA,TALIAFERRO,16.67,13265,GA
GEORGIA,TATTNALL,28.36,13267,GA
GEORGIA,TAYLOR,24.24,13269,GA
GEORGIA,TELFAIR,31.37,13271,GA
GEORGIA,TERRELL,16.67,13273,GA
GEORGIA,THOMAS,19.2,13275,GA
GEORGIA,TIFT,23.08,13277,GA
GEORGIA,TOOMBS,31.2,13279,GA
GEORGIA,TOWNS,20.16,13281,GA
GEORGIA,TREUTLEN,42.86,13283,GA
GEORGIA,TROUP,21.99,13285,GA
GEORGIA,TURNER,27.27,13287,GA
GEORGIA,TWIGGS,42.42,13289,GA
GEORGIA,UNION,20.66,13291,GA
GEORGIA,UPSON,17.28,13293,GA
GEORGIA,WALKER,23.93,13295,GA
GEORGIA,WALTON,28.75,13297,GA
GEORGIA,WARE,28.99,13299,GA
GEORGIA,WARREN,42.86,13301,GA
GEORGIA,WASHINGTON,27.4,13303,GA
GEORGIA,WAYNE,28.8,13305,GA
GEORGIA,WEBSTER,66.67,13307,GA
GEORGIA,WHEELER,21.05,13309,GA
GEORGIA,WHITE,29.94,13311,GA
GEORGIA,WHITFIELD,21.13,13313,GA
GEORGIA,WILCOX,19.51,13315,GA
GEORGIA,WILKES,26.53,13317,GA
GEORGIA,WILKINSON,30.56,13319,GA
GEORGIA,WORTH,22.39,13321,GA
HAWAII,HAWAII,25.62,15001,HI
HAWAII,HONOLULU,31.86,15003,HI
HAWAII,KAUAI,21.14,15007,HI
HAWAII,MAUI,26.23,15009,HI
IDAHO,ADA,21.72,16001,ID
IDAHO,ADAMS,24.39,16003,ID
IDAHO,BANNOCK,18.81,16005,ID
IDAHO,BEAR LAKE,14.29,16007,ID
IDAHO,BENEWAH,12.28,16009,ID
IDAHO,BINGHAM,19.61,16011,ID
IDAHO,BLAINE,18.67,16013,ID
IDAHO,BOISE,10.0,16015,ID
IDAHO,BONNER,14.74,16017,ID
IDAHO,BONNEVILLE,21.32,16019,ID
IDAHO,BOUNDARY,16.28,16021,ID
IDAHO,BUTTE,14.81,16023,ID
IDAHO,CAMAS,12.5,16025,ID
IDAHO,CANYON,25.37,16027,ID
IDAHO,CARIBOU,10.71,16029,ID
IDAHO,CASSIA,19.23,16031,ID
IDAHO,CLARK,0.0,16033,ID
IDAHO,CLEARWATER,26.83,16035,ID
IDAHO,CUSTER,5.66,16037,ID
IDAHO,ELMORE,25.96,16039,ID
IDAHO,FRANKLIN,22.03,16041,ID
IDAHO,FREMONT,16.18,16043,ID
IDAHO,GEM,20.59,16045,ID
IDAHO,GOODING,18.18,16047,ID
IDAHO,IDAHO,13.42,16049,ID
IDAHO,JEFFERSON,22.64,16051,ID
IDAHO,JEROME,25.3,16053,ID
IDAHO,KOOTENAI,16.67,16055,ID
IDAHO,LATAH,13.94,16057,ID
IDAHO,LEMHI,12.63,16059,ID
IDAHO,LEWIS,10.53,16061,ID
IDAHO,LINCOLN,26.09,16063,ID
IDAHO,MADISON,18.45,16065,ID
IDAHO,MINIDOKA,15.38,16067,ID
IDAHO,NEZ PERCE,19.29,16069,ID
IDAHO,ONEIDA,8.7,16071,ID
IDAHO,OWYHEE,24.0,16073,ID
IDAHO,PAYETTE,24.0,16075,ID
IDAHO,POWER,13.33,16077,ID
IDAHO,SHOSHONE,15.5,16079,ID
IDAHO,TETON,9.26,16081,ID
IDAHO,TWIN FALLS,20.05,16083,ID
IDAHO,VALLEY,15.38,16085,ID
IDAHO,WASHINGTON,23.08,16087,ID
ILLINOIS,ADAMS,32.97,17001,IL
ILLINOIS,ALEXANDER,17.24,17003,IL
ILLINOIS,BOND,20.2,17005,IL
ILLINOIS,BOONE,29.52,17007,IL
ILLINOIS,BROWN,14.29,17009,IL
ILLINOIS,BUREAU,18.18,17011,IL
ILLINOIS,CALHOUN,23.33,17013,IL
ILLINOIS,CARROLL,14.89,17015,IL
ILLINOIS,CASS,13.7,17017,IL
ILLINOIS,CHAMPAIGN,21.09,17019,IL
ILLINOIS,CHRISTIAN,19.35,17021,IL
ILLINOIS,CLARK,18.18,17023,IL
ILLINOIS,CLAY,15.31,17025,IL
ILLINOIS,CLINTON,20.83,17027,IL
ILLINOIS,COLES,22.27,17029,IL
ILLINOIS,COOK,22.33,17031,IL
ILLINOIS,CRAWFORD,26.62,17033,IL
ILLINOIS,CUMBERLAND,20.0,17035,IL
ILLINOIS,DE WITT,25.0,17039,IL
ILLINOIS,DOUGLAS,22.86,17041,IL
ILLINOIS,EDGAR,28.23,17045,IL
ILLINOIS,EDWARDS,13.33,17047,IL
ILLINOIS,EFFINGHAM,18.9,17049,IL
ILLINOIS,FAYETTE,28.67,17051,IL
ILLINOIS,FORD,18.57,17053,IL
ILLINOIS,FRANKLIN,26.76,17055,IL
ILLINOIS,FULTON,23.11,17057,IL
ILLINOIS,GALLATIN,23.4,17059,IL
ILLINOIS,GREENE,15.48,17061,IL
ILLINOIS,GRUNDY,26.11,17063,IL
ILLINOIS,HAMILTON,21.82,17065,IL
ILLINOIS,HANCOCK,22.06,17067,IL
ILLINOIS,HARDIN,32.14,17069,IL
ILLINOIS,HENDERSON,16.67,17071,IL
ILLINOIS,HENRY,28.43,17073,IL
ILLINOIS,IROQUOIS,27.78,17075,IL
ILLINOIS,JACKSON,29.6,17077,IL
ILLINOIS,JASPER,19.7,17079,IL
ILLINOIS,JEFFERSON,38.17,17081,IL
ILLINOIS,JERSEY,21.57,17083,IL
ILLINOIS,JO DAVIESS,13.0,17085,IL
ILLINOIS,JOHNSON,31.25,17087,IL
ILLINOIS,KANE,18.82,17089,IL
ILLINOIS,KANKAKEE,27.38,17091,IL
ILLINOIS,KENDALL,22.22,17093,IL
ILLINOIS,KNOX,22.07,17095,IL
ILLINOIS,LAKE,20.23,17097,IL
ILLINOIS,LAWRENCE,18.87,17101,IL
ILLINOIS,LEE,28.38,17103,IL
ILLINOIS,LIVINGSTON,28.84,17105,IL
ILLINOIS,LOGAN,25.0,17107,IL
ILLINOIS,MACON,19.08,17115,IL
ILLINOIS,MACOUPIN,20.68,17117,IL
ILLINOIS,MADISON,22.88,17119,IL
ILLINOIS,MARION,26.22,17121,IL
ILLINOIS,MARSHALL,30.21,17123,IL
ILLINOIS,MASON,26.32,17125,IL
ILLINOIS,MASSAC,33.33,17127,IL
ILLINOIS,MENARD,10.98,17129,IL
ILLINOIS,MERCER,19.77,17131,IL
ILLINOIS,MONROE,18.54,17133,IL
ILLINOIS,MONTGOMERY,20.21,17135,IL
ILLINOIS,MORGAN,15.03,17137,IL
ILLINOIS,MOULTRIE,19.17,17139,IL
ILLINOIS,OGLE,25.87,17141,IL
ILLINOIS,PEORIA,24.97,17143,IL
ILLINOIS,PERRY,21.43,17145,IL
ILLINOIS,PIATT,16.39,17147,IL
ILLINOIS,PIKE,28.68,17149,IL
ILLINOIS,POPE,33.33,17151,IL
ILLINOIS,PULASKI,22.22,17153,IL
ILLINOIS,PUTNAM,30.77,17155,IL
ILLINOIS,RANDOLPH,20.32,17157,IL
ILLINOIS,RICHLAND,16.31,17159,IL
ILLINOIS,ROCK ISLAND,26.83,17161,IL
ILLINOIS,SALINE,25.41,17165,IL
ILLINOIS,SANGAMON,18.6,17167,IL
ILLINOIS,SCHUYLER,18.87,17169,IL
ILLINOIS,SCOTT,22.22,17171,IL
ILLINOIS,SHELBY,21.51,17173,IL
ILLINOIS,ST. CLAIR,28.16,17163,IL
ILLINOIS,STARK,27.27,17175,IL
ILLINOIS,STEPHENSON,25.45,17177,IL
ILLINOIS,TAZEWELL,25.79,17179,IL
ILLINOIS,UNION,20.75,17181,IL
ILLINOIS,VERMILION,24.61,17183,IL
ILLINOIS,WABASH,16.84,17185,IL
ILLINOIS,WARREN,17.14,17187,IL
ILLINOIS,WASHINGTON,23.76,17189,IL
ILLINOIS,WAYNE,18.6,17191,IL
ILLINOIS,WHITE,22.76,17193,IL
ILLINOIS,WHITESIDE,20.44,17195,IL
ILLINOIS,WILL,24.0,17197,IL
ILLINOIS,WILLIAMSON,23.68,17199,IL
ILLINOIS,WINNEBAGO,24.1,17201,IL
ILLINOIS,WOODFORD,30.26,17203,IL
INDIANA,ADAMS,22.96,18001,IN
INDIANA,ALLEN,25.15,18003,IN
INDIANA,BARTHOLOMEW,20.8,18005,IN
INDIANA,BENTON,25.93,18007,IN
INDIANA,BLACKFORD,25.27,18009,IN
INDIANA,BOONE,21.29,18011,IN
INDIANA,BROWN,24.59,18013,IN
INDIANA,CARROLL,31.33,18015,IN
INDIANA,CASS,21.83,18017,IN
INDIANA,CLARK,24.11,18019,IN
INDIANA,CLAY,27.67,18021,IN
INDIANA,CLINTON,26.67,18023,IN
INDIANA,CRAWFORD,22.95,18025,IN
INDIANA,DAVIESS,21.88,18027,IN
INDIANA,DEARBORN,22.79,18029,IN
INDIANA,DECATUR,21.83,18031,IN
INDIANA,DELAWARE,26.24,18035,IN
INDIANA,DUBOIS,19.34,18037,IN
INDIANA,ELKHART,24.42,18039,IN
INDIANA,FAYETTE,42.25,18041,IN
INDIANA,FLOYD,24.77,18043,IN
INDIANA,FOUNTAIN,24.81,18045,IN
INDIANA,FRANKLIN,18.75,18047,IN
INDIANA,FULTON,23.81,18049,IN
INDIANA,GIBSON,17.95,18051,IN
INDIANA,GRANT,22.01,18053,IN
INDIANA,GREENE,23.91,18055,IN
INDIANA,HAMILTON,19.08,18057,IN
INDIANA,HANCOCK,25.95,18059,IN
INDIANA,HARRISON,19.64,18061,IN
INDIANA,HENDRICKS,20.81,18063,IN
INDIANA,HENRY,23.08,18065,IN
INDIANA,HOWARD,24.45,18067,IN
INDIANA,HUNTINGTON,36.76,18069,IN
INDIANA,JACKSON,17.82,18071,IN
INDIANA,JASPER,25.1,18073,IN
INDIANA,JAY,20.0,18075,IN
INDIANA,JEFFERSON,18.23,18077,IN
INDIANA,JENNINGS,17.65,18079,IN
INDIANA,JOHNSON,25.04,18081,IN
INDIANA,KNOX,18.44,18083,IN
INDIANA,KOSCIUSKO,22.26,18085,IN
INDIANA,LAGRANGE,13.89,18087,IN
INDIANA,LAKE,23.44,18089,IN
INDIANA,LAWRENCE,22.03,18093,IN
INDIANA,MADISON,25.42,18095,IN
INDIANA,MARION,26.26,18097,IN
INDIANA,MARSHALL,21.98,18099,IN
INDIANA,MARTIN,10.81,18101,IN
INDIANA,MIAMI,28.28,18103,IN
INDIANA,MONROE,20.93,18105,IN
INDIANA,MONTGOMERY,24.63,18107,IN
INDIANA,MORGAN,24.78,18109,IN
INDIANA,NEWTON,21.67,18111,IN
INDIANA,NOBLE,28.77,18113,IN
INDIANA,OHIO,23.33,18115,IN
INDIANA,ORANGE,20.69,18117,IN
INDIANA,OWEN,18.39,18119,IN
INDIANA,PARKE,31.11,18121,IN
INDIANA,PERRY,23.93,18123,IN
INDIANA,PIKE,12.86,18125,IN
INDIANA,PORTER,21.21,18127,IN
INDIANA,POSEY,21.67,18129,IN
INDIANA,PULASKI,17.95,18131,IN
INDIANA,PUTNAM,18.52,18133,IN
INDIANA,RANDOLPH,22.91,18135,IN
INDIANA,RIPLEY,17.92,18137,IN
INDIANA,RUSH,19.05,18139,IN
INDIANA,SCOTT,21.6,18143,IN
INDIANA,SHELBY,27.01,18145,IN
INDIANA,SPENCER,15.44,18147,IN
INDIANA,ST. JOSEPH,20.96,18141,IN
INDIANA,STARKE,25.71,18149,IN
INDIANA,STEUBEN,14.79,18151,IN
INDIANA,SULLIVAN,22.58,18153,IN
INDIANA,SWITZERLAND,24.53,18155,IN
INDIANA,TIPPECANOE,32.97,18157,IN
INDIANA,TIPTON,20.43,18159,IN
INDIANA,UNION,13.21,18161,IN
INDIANA,VANDERBURGH,23.42,18163,IN
INDIANA,VERMILLION,27.1,18165,IN
INDIANA,VIGO,27.74,18167,IN
INDIANA,WABASH,19.31,18169,IN
INDIANA,WARREN,18.18,18171,IN
INDIANA,WARRICK,22.09,18173,IN
INDIANA,WASHINGTON,25.66,18175,IN
INDIANA,WAYNE,35.82,18177,IN
INDIANA,WELLS,35.85,18179,IN
INDIANA,WHITE,28.74,18181,IN
INDIANA,WHITLEY,14.41,18183,IN
IOWA,ADAIR,21.15,19001,IA
IOWA,ADAMS,23.53,19003,IA
IOWA,ALLAMAKEE,35.04,19005,IA
IOWA,APPANOOSE,27.68,19007,IA
IOWA,AUDUBON,18.0,19009,IA
IOWA,BENTON,19.2,19011,IA
IOWA,BLACK HAWK,17.8,19013,IA
IOWA,BOONE,19.11,19015,IA
IOWA,BREMER,20.21,19017,IA
IOWA,BUCHANAN,23.76,19019,IA
IOWA,BUENA VISTA,14.78,19021,IA
IOWA,BUTLER,21.0,19023,IA
IOWA,CALHOUN,21.79,19025,IA
IOWA,CARROLL,25.95,19027,IA
IOWA,CASS,17.24,19029,IA
IOWA,CEDAR,17.59,19031,IA
IOWA,CERRO GORDO,20.05,19033,IA
IOWA,CHEROKEE,22.12,19035,IA
IOWA,CHICKASAW,20.0,19037,IA
IOWA,CLARKE,26.0,19039,IA
IOWA,CLAY,20.12,19041,IA
IOWA,CLAYTON,29.41,19043,IA
IOWA,CLINTON,20.32,19045,IA
IOWA,CRAWFORD,7.69,19047,IA
IOWA,DALLAS,16.18,19049,IA
IOWA,DAVIS,13.04,19051,IA
IOWA,DECATUR,22.06,19053,IA
IOWA,DELAWARE,16.81,19055,IA
IOWA,DES MOINES,14.33,19057,IA
IOWA,DICKINSON,20.1,19059,IA
IOWA,DUBUQUE,15.71,19061,IA
IOWA,EMMET,25.88,19063,IA
IOWA,FAYETTE,26.8,19065,IA
IOWA,FLOYD,21.68,19067,IA
IOWA,FRANKLIN,21.92,19069,IA
IOWA,FREMONT,16.07,19071,IA
IOWA,GREENE,19.48,19073,IA
IOWA,GRUNDY,19.54,19075,IA
IOWA,GUTHRIE,14.0,19077,IA
IOWA,HAMILTON,9.09,19079,IA
IOWA,HANCOCK,17.65,19081,IA
IOWA,HARDIN,14.77,19083,IA
IOWA,HARRISON,29.52,19085,IA
IOWA,HENRY,17.11,19087,IA
IOWA,HOWARD,24.75,19089,IA
IOWA,HUMBOLDT,23.73,19091,IA
IOWA,IDA,27.94,19093,IA
IOWA,IOWA,22.03,19095,IA
IOWA,JACKSON,25.96,19097,IA
IOWA,JASPER,17.29,19099,IA
IOWA,JEFFERSON,12.99,19101,IA
IOWA,JOHNSON,15.45,19103,IA
IOWA,JONES,14.91,19105,IA
IOWA,KEOKUK,19.79,19107,IA
IOWA,KOSSUTH,16.54,19109,IA
IOWA,LEE,23.61,19111,IA
IOWA,LINN,22.95,19113,IA
IOWA,LOUISA,27.27,19115,IA
IOWA,LUCAS,15.38,19117,IA
IOWA,LYON,22.78,19119,IA
IOWA,MADISON,19.05,19121,IA
IOWA,MAHASKA,17.33,19123,IA
IOWA,MARION,21.28,19125,IA
IOWA,MARSHALL,22.64,19127,IA
IOWA,MILLS,36.67,19129,IA
IOWA,MITCHELL,22.03,19131,IA
IOWA,MONONA,20.0,19133,IA
IOWA,MONROE,21.62,19135,IA
IOWA,MONTGOMERY,19.1,19137,IA
IOWA,MUSCATINE,22.12,19139,IA
IOWA,OSCEOLA,22.39,19143,IA
IOWA,PAGE,26.76,19145,IA
IOWA,PALO ALTO,22.78,19147,IA
IOWA,PLYMOUTH,32.28,19149,IA
IOWA,POCAHONTAS,22.78,19151,IA
IOWA,POLK,19.38,19153,IA
IOWA,POTTAWATTAMIE,26.39,19155,IA
IOWA,POWESHIEK,13.57,19157,IA
IOWA,RINGGOLD,14.0,19159,IA
IOWA,SAC,19.78,19161,IA
IOWA,SCOTT,23.6,19163,IA
IOWA,SHELBY,26.04,19165,IA
IOWA,SIOUX,18.61,19167,IA
IOWA,STORY,17.55,19169,IA
IOWA,TAMA,18.18,19171,IA
IOWA,TAYLOR,22.03,19173,IA
IOWA,UNION,21.9,19175,IA
IOWA,VAN BUREN,11.48,19177,IA
IOWA,WAPELLO,23.4,19179,IA
IOWA,WARREN,17.83,19181,IA
IOWA,WASHINGTON,22.09,19183,IA
IOWA,WAYNE,20.75,19185,IA
IOWA,WEBSTER,18.77,19187,IA
IOWA,WINNEBAGO,31.46,19189,IA
IOWA,WINNESHIEK,28.48,19191,IA
IOWA,WOODBURY,25.05,19193,IA
IOWA,WORTH,11.11,19195,IA
IOWA,WRIGHT,22.88,19197,IA
KANSAS,ALLEN,18.18,20001,KS
KANSAS,ANDERSON,24.29,20003,KS
KANSAS,ATCHISON,23.86,20005,KS
KANSAS,BARBER,17.14,20007,KS
KANSAS,BARTON,18.97,20009,KS
KANSAS,BOURBON,23.96,20011,KS
KANSAS,BROWN,16.9,20013,KS
KANSAS,BUTLER,19.94,20015,KS
KANSAS,CHASE,20.83,20017,KS
KANSAS,CHAUTAUQUA,13.79,20019,KS
KANSAS,CHEROKEE,25.0,20021,KS
KANSAS,CHEYENNE,5.56,20023,KS
KANSAS,CLARK,9.09,20025,KS
KANSAS,CLAY,15.63,20027,KS
KANSAS,CLOUD,18.39,20029,KS
KANSAS,COFFEY,13.11,20031,KS
KANSAS,COMANCHE,0.0,20033,KS
KANSAS,COWLEY,18.18,20035,KS
KANSAS,CRAWFORD,19.09,20037,KS
KANSAS,DECATUR,15.38,20039,KS
KANSAS,DICKINSON,13.79,20041,KS
KANSAS,DONIPHAN,24.68,20043,KS
KANSAS,DOUGLAS,16.96,20045,KS
KANSAS,EDWARDS,22.22,20047,KS
KANSAS,ELK,20.83,20049,KS
KANSAS,ELLIS,30.06,20051,KS
KANSAS,ELLSWORTH,23.08,20053,KS
KANSAS,FINNEY,24.07,20055,KS
KANSAS,FORD,21.89,20057,KS
KANSAS,FRANKLIN,18.75,20059,KS
KANSAS,GEARY,23.42,20061,KS
KANSAS,GOVE,16.67,20063,KS
KANSAS,GRAHAM,19.05,20065,KS
KANSAS,GRANT,23.26,20067,KS
KANSAS,GRAY,13.04,20069,KS
KANSAS,GREELEY,46.15,20071,KS
KANSAS,GREENWOOD,24.49,20073,KS
KANSAS,HAMILTON,40.0,20075,KS
KANSAS,HARPER,28.0,20077,KS
KANSAS,HARVEY,24.9,20079,KS
KANSAS,HASKELL,29.41,20081,KS
KANSAS,HODGEMAN,16.67,20083,KS
KANSAS,JACKSON,16.05,20085,KS
KANSAS,JEFFERSON,21.09,20087,KS
KANSAS,JEWELL,21.43,20089,KS
KANSAS,JOHNSON,20.87,20091,KS
KANSAS,KEARNY,30.77,20093,KS
KANSAS,KINGMAN,26.23,20095,KS
KANSAS,KIOWA,26.67,20097,KS
KANSAS,LABETTE,17.29,20099,KS
KANSAS,LANE,8.33,20101,KS
KANSAS,LEAVENWORTH,26.8,20103,KS
KANSAS,LINCOLN,12.5,20105,KS
KANSAS,LINN,20.0,20107,KS
KANSAS,LOGAN,7.14,20109,KS
KANSAS,LYON,20.98,20111,KS
KANSAS,MARION,26.44,20115,KS
KANSAS,MARSHALL,15.29,20117,KS
KANSAS,MCPHERSON,11.39,20113,KS
KANSAS,MEADE,11.54,20119,KS
KANSAS,MIAMI,16.89,20121,KS
KANSAS,MITCHELL,35.14,20123,KS
KANSAS,MONTGOMERY,17.62,20125,KS
KANSAS,MORRIS,12.5,20127,KS
KANSAS,MORTON,14.29,20129,KS
KANSAS,NEMAHA,15.0,20131,KS
KANSAS,NEOSHO,21.37,20133,KS
KANSAS,NESS,16.67,20135,KS
KANSAS,NORTON,15.38,20137,KS
KANSAS,OSAGE,24.37,20139,KS
KANSAS,OSBORNE,16.67,20141,KS
KANSAS,OTTAWA,20.83,20143,KS
KANSAS,PAWNEE,14.71,20145,KS
KANSAS,PHILLIPS,15.52,20147,KS
KANSAS,POTTAWATOMIE,16.53,20149,KS
KANSAS,PRATT,19.4,20151,KS
KANSAS,RAWLINS,11.11,20153,KS
KANSAS,RENO,23.99,20155,KS
KANSAS,REPUBLIC,16.33,20157,KS
KANSAS,RICE,18.99,20159,KS
KANSAS,RILEY,16.17,20161,KS
KANSAS,ROOKS,11.11,20163,KS
KANSAS,RUSH,21.43,20165,KS
KANSAS,RUSSELL,24.62,20167,KS
KANSAS,SALINE,16.18,20169,KS
KANSAS,SCOTT,18.18,20171,KS
KANSAS,SEDGWICK,19.82,20173,KS
KANSAS,SEWARD,18.75,20175,KS
KANSAS,SHAWNEE,19.59,20177,KS
KANSAS,SHERIDAN,10.53,20179,KS
KANSAS,SHERMAN,26.79,20181,KS
KANSAS,SMITH,23.91,20183,KS
KANSAS,STAFFORD,20.0,20185,KS
KANSAS,STANTON,0.0,20187,KS
KANSAS,STEVENS,21.62,20189,KS
KANSAS,SUMNER,22.0,20191,KS
KANSAS,THOMAS,33.33,20193,KS
KANSAS,TREGO,28.0,20195,KS
KANSAS,WABAUNSEE,18.87,20197,KS
KANSAS,WALLACE,8.33,20199,KS
KANSAS,WASHINGTON,17.74,20201,KS
KANSAS,WICHITA,8.33,20203,KS
KANSAS,WILSON,19.23,20205,KS
KANSAS,WOODSON,11.76,20207,KS
KANSAS,WYANDOTTE,25.26,20209,KS
KENTUCKY,ADAIR,15.0,21001,KY
KENTUCKY,ALLEN,13.54,21003,KY
KENTUCKY,ANDERSON,25.71,21005,KY
KENTUCKY,BALLARD,43.21,21007,KY
KENTUCKY,BARREN,23.66,21009,KY
KENTUCKY,BATH,31.48,21011,KY
KENTUCKY,BELL,20.59,21013,KY
KENTUCKY,BOONE,29.79,21015,KY
KENTUCKY,BOURBON,24.36,21017,KY
KENTUCKY,BOYD,29.24,21019,KY
KENTUCKY,BOYLE,15.63,21021,KY
KENTUCKY,BRACKEN,18.92,21023,KY
KENTUCKY,BREATHITT,27.45,21025,KY
KENTUCKY,BRECKINRIDGE,19.51,21027,KY
KENTUCKY,BULLITT,23.25,21029,KY
KENTUCKY,BUTLER,21.15,21031,KY
KENTUCKY,CALDWELL,21.59,21033,KY
KENTUCKY,CALLOWAY,17.16,21035,KY
KENTUCKY,CAMPBELL,26.59,21037,KY
KENTUCKY,CARLISLE,31.03,21039,KY
KENTUCKY,CARROLL,31.11,21041,KY
KENTUCKY,CARTER,29.89,21043,KY
KENTUCKY,CASEY,17.05,21045,KY
KENTUCKY,CHRISTIAN,27.95,21047,KY
KENTUCKY,CLARK,15.87,21049,KY
KENTUCKY,CLAY,30.88,21051,KY
KENTUCKY,CLINTON,13.43,21053,KY
KENTUCKY,CRITTENDEN,12.24,21055,KY
KENTUCKY,CUMBERLAND,20.93,21057,KY
KENTUCKY,DAVIESS,28.7,21059,KY
KENTUCKY,EDMONSON,22.92,21061,KY
KENTUCKY,ELLIOTT,36.73,21063,KY
KENTUCKY,ESTILL,31.65,21065,KY
KENTUCKY,FAYETTE,20.44,21067,KY
KENTUCKY,FLEMING,23.29,21069,KY
KENTUCKY,FLOYD,20.95,21071,KY
KENTUCKY,FRANKLIN,21.94,21073,KY
KENTUCKY,FULTON,25.0,21075,KY
KENTUCKY,GALLATIN,25.0,21077,KY
KENTUCKY,GARRARD,12.66,21079,KY
KENTUCKY,GRANT,29.49,21081,KY
KENTUCKY,GRAVES,25.74,21083,KY
KENTUCKY,GRAYSON,20.38,21085,KY
KENTUCKY,GREEN,9.3,21087,KY
KENTUCKY,GREENUP,23.81,21089,KY
KENTUCKY,HANCOCK,33.9,21091,KY
KENTUCKY,HARDIN,25.14,21093,KY
KENTUCKY,HARLAN,24.22,21095,KY
KENTUCKY,HARRISON,20.59,21097,KY
KENTUCKY,HART,19.32,21099,KY
KENTUCKY,HENDERSON,19.74,21101,KY
KENTUCKY,HENRY,25.64,21103,KY
KENTUCKY,HICKMAN,20.59,21105,KY
KENTUCKY,HOPKINS,26.52,21107,KY
KENTUCKY,JACKSON,20.0,21109,KY
KENTUCKY,JEFFERSON,23.63,21111,KY
KENTUCKY,JESSAMINE,24.47,21113,KY
KENTUCKY,JOHNSON,21.15,21115,KY
KENTUCKY,KENTON,28.98,21117,KY
KENTUCKY,KNOTT,32.08,21119,KY
KENTUCKY,KNOX,26.09,21121,KY
KENTUCKY,LARUE,25.64,21123,KY
KENTUCKY,LAUREL,24.38,21125,KY
KENTUCKY,LAWRENCE,19.74,21127,KY
KENTUCKY,LEE,18.52,21129,KY
KENTUCKY,LESLIE,29.27,21131,KY
KENTUCKY,LETCHER,19.49,21133,KY
KENTUCKY,LEWIS,28.13,21135,KY
KENTUCKY,LINCOLN,27.87,21137,KY
KENTUCKY,LIVINGSTON,21.43,21139,KY
KENTUCKY,LOGAN,20.83,21141,KY
KENTUCKY,LYON,13.46,21143,KY
KENTUCKY,MADISON,22.68,21151,KY
KENTUCKY,MAGOFFIN,22.73,21153,KY
KENTUCKY,MARION,27.47,21155,KY
KENTUCKY,MARSHALL,23.33,21157,KY
KENTUCKY,MARTIN,22.73,21159,KY
KENTUCKY,MASON,17.86,21161,KY
KENTUCKY,MEADE,22.02,21163,KY
KENTUCKY,MENIFEE,25.58,21165,KY
KENTUCKY,MERCER,15.79,21167,KY
KENTUCKY,METCALFE,11.63,21169,KY
KENTUCKY,MONROE,18.75,21171,KY
KENTUCKY,MONTGOMERY,31.9,21173,KY
KENTUCKY,MORGAN,15.09,21175,KY
KENTUCKY,MUHLENBERG,29.48,21177,KY
KENTUCKY,NELSON,25.3,21179,KY
KENTUCKY,NICHOLAS,23.26,21181,KY
KENTUCKY,OHIO,35.14,21183,KY
KENTUCKY,OLDHAM,26.49,21185,KY
KENTUCKY,OWEN,31.71,21187,KY
KENTUCKY,OWSLEY,30.0,21189,KY
KENTUCKY,PENDLETON,31.37,21191,KY
KENTUCKY,PERRY,25.53,21193,KY
KENTUCKY,PIKE,25.0,21195,KY
KENTUCKY,POWELL,16.67,21197,KY
KENTUCKY,PULASKI,23.67,21199,KY
KENTUCKY,ROBERTSON,12.5,21201,KY
KENTUCKY,ROCKCASTLE,23.53,21203,KY
KENTUCKY,ROWAN,35.21,21205,KY
KENTUCKY,RUSSELL,26.79,21207,KY
KENTUCKY,SCOTT,27.81,21209,KY
KENTUCKY,SHELBY,21.94,21211,KY
KENTUCKY,SIMPSON,22.11,21213,KY
KENTUCKY,SPENCER,21.21,21215,KY
KENTUCKY,TAYLOR,30.67,21217,KY
KENTUCKY,TODD,28.0,21219,KY
KENTUCKY,TRIGG,25.25,21221,KY
KENTUCKY,TRIMBLE,35.71,21223,KY
KENTUCKY,UNION,16.67,21225,KY
KENTUCKY,WARREN,18.16,21227,KY
KENTUCKY,WASHINGTON,27.27,21229,KY
KENTUCKY,WAYNE,15.97,21231,KY
KENTUCKY,WEBSTER,21.62,21233,KY
KENTUCKY,WHITLEY,21.77,21235,KY
KENTUCKY,WOLFE,12.9,21237,KY
KENTUCKY,WOODFORD,16.04,21239,KY
MAINE,ANDROSCOGGIN,22.8,23001,ME
MAINE,AROOSTOOK,23.41,23003,ME
MAINE,CUMBERLAND,19.59,23005,ME
MAINE,FRANKLIN,16.94,23007,ME
MAINE,HANCOCK,18.49,23009,ME
MAINE,KENNEBEC,18.33,23011,ME
MAINE,KNOX,17.05,23013,ME
MAINE,LINCOLN,12.81,23015,ME
MAINE,OXFORD,20.5,23017,ME
MAINE,PENOBSCOT,23.36,23019,ME
MAINE,PISCATAQUIS,25.86,23021,ME
MAINE,SAGADAHOC,15.34,23023,ME
MAINE,SOMERSET,19.26,23025,ME
MAINE,WALDO,15.31,23027,ME
MAINE,WASHINGTON,22.66,23029,ME
MAINE,YORK,19.45,23031,ME
MARYLAND,ALLEGANY,23.76,24001,MD
MARYLAND,ANNE ARUNDEL,21.98,24003,MD
MARYLAND,BALTIMORE,22.23,24005,MD
MARYLAND,BALTIMORE CITY,24.19,24510,MD
MARYLAND,CALVERT,21.92,24009,MD
MARYLAND,CAROLINE,24.88,24011,MD
MARYLAND,CARROLL,17.92,24013,MD
MARYLAND,CECIL,20.92,24015,MD
MARYLAND,CHARLES,24.64,24017,MD
MARYLAND,DORCHESTER,26.16,24019,MD
MARYLAND,FREDERICK,20.84,24021,MD
MARYLAND,GARRETT,21.79,24023,MD
MARYLAND,HARFORD,20.29,24025,MD
MARYLAND,HOWARD,19.57,24027,MD
MARYLAND,KENT,22.31,24029,MD
MARYLAND,MONTGOMERY,18.99,24031,MD
MARYLAND,SOMERSET,25.15,24039,MD
MARYLAND,TALBOT,22.06,24041,MD
MARYLAND,WASHINGTON,21.96,24043,MD
MARYLAND,WICOMICO,31.84,24045,MD
MARYLAND,WORCESTER,23.65,24047,MD
MASSACHUSETTS,BARNSTABLE,22.02,25001,MA
MASSACHUSETTS,BERKSHIRE,16.64,25003,MA
MASSACHUSETTS,BRISTOL,24.47,25005,MA
MASSACHUSETTS,DUKES,14.6,25007,MA
MASSACHUSETTS,ESSEX,26.15,25009,MA
MASSACHUSETTS,FRANKLIN,17.63,25011,MA
MASSACHUSETTS,HAMPDEN,27.64,25013,MA
MASSACHUSETTS,HAMPSHIRE,18.51,25015,MA
MASSACHUSETTS,MIDDLESEX,24.38,25017,MA
MASSACHUSETTS,NANTUCKET,17.65,25019,MA
MASSACHUSETTS,NORFOLK,23.5,25021,MA
MASSACHUSETTS,PLYMOUTH,23.91,25023,MA
MASSACHUSETTS,SUFFOLK,23.78,25025,MA
MASSACHUSETTS,WORCESTER,24.52,25027,MA
MICHIGAN,ALCONA,32.18,26001,MI
MICHIGAN,ALGER,13.51,26003,MI
MICHIGAN,ALLEGAN,22.55,26005,MI
MICHIGAN,ALPENA,26.75,26007,MI
MICHIGAN,ANTRIM,17.42,26009,MI
MICHIGAN,ARENAC,20.83,26011,MI
MICHIGAN,BARAGA,3.7,26013,MI
MICHIGAN,BARRY,26.79,26015,MI
MICHIGAN,BAY,23.34,26017,MI
MICHIGAN,BENZIE,25.45,26019,MI
MICHIGAN,BERRIEN,27.22,26021,MI
MICHIGAN,BRANCH,19.72,26023,MI
MICHIGAN,CALHOUN,26.78,26025,MI
MICHIGAN,CASS,28.42,26027,MI
MICHIGAN,CHARLEVOIX,15.68,26029,MI
MICHIGAN,CHEBOYGAN,25.13,26031,MI
MICHIGAN,CHIPPEWA,22.17,26033,MI
MICHIGAN,CLARE,26.11,26035,MI
MICHIGAN,CLINTON,28.51,26037,MI
MICHIGAN,CRAWFORD,31.03,26039,MI
MICHIGAN,DELTA,21.48,26041,MI
MICHIGAN,DICKINSON,19.53,26043,MI
MICHIGAN,EATON,27.49,26045,MI
MICHIGAN,EMMET,22.58,26047,MI
MICHIGAN,GENESEE,32.1,26049,MI
MICHIGAN,GLADWIN,20.25,26051,MI
MICHIGAN,GOGEBIC,19.82,26053,MI
MICHIGAN,GRAND TRAVERSE,25.3,26055,MI
MICHIGAN,GRATIOT,30.65,26057,MI
MICHIGAN,HILLSDALE,19.09,26059,MI
MICHIGAN,HOUGHTON,13.41,26061,MI
MICHIGAN,HURON,21.4,26063,MI
MICHIGAN,INGHAM,25.71,26065,MI
MICHIGAN,IONIA,22.86,26067,MI
MICHIGAN,IOSCO,16.57,26069,MI
MICHIGAN,IRON,20.65,26071,MI
MICHIGAN,ISABELLA,22.94,26073,MI
MICHIGAN,JACKSON,20.2,26075,MI
MICHIGAN,KALAMAZOO,23.46,26077,MI
MICHIGAN,KALKASKA,19.4,26079,MI
MICHIGAN,KENT,23.86,26081,MI
MICHIGAN,KEWEENAW,13.04,26083,MI
MICHIGAN,LAKE,19.67,26085,MI
MICHIGAN,LAPEER,28.62,26087,MI
MICHIGAN,LEELANAU,22.66,26089,MI
MICHIGAN,LENAWEE,20.09,26091,MI
MICHIGAN,LIVINGSTON,25.89,26093,MI
MICHIGAN,LUCE,30.56,26095,MI
MICHIGAN,MACKINAC,18.39,26097,MI
MICHIGAN,MACOMB,26.38,26099,MI
MICHIGAN,MANISTEE,17.07,26101,MI
MICHIGAN,MARQUETTE,19.1,26103,MI
MICHIGAN,MASON,21.02,26105,MI
MICHIGAN,MECOSTA,28.95,26107,MI
MICHIGAN,MENOMINEE,26.06,26109,MI
MICHIGAN,MIDLAND,20.89,26111,MI
MICHIGAN,MISSAUKEE,20.0,26113,MI
MICHIGAN,MONROE,25.55,26115,MI
MICHIGAN,MONTCALM,24.21,26117,MI
MICHIGAN,MONTMORENCY,26.73,26119,MI
MICHIGAN,MUSKEGON,29.88,26121,MI
MICHIGAN,NEWAYGO,23.31,26123,MI
MICHIGAN,OAKLAND,23.81,26125,MI
MICHIGAN,OCEANA,21.99,26127,MI
MICHIGAN,OGEMAW,20.98,26129,MI
MICHIGAN,ONTONAGON,23.53,26131,MI
MICHIGAN,OSCEOLA,30.71,26133,MI
MICHIGAN,OSCODA,17.65,26135,MI
MICHIGAN,OTSEGO,19.38,26137,MI
MICHIGAN,OTTAWA,22.24,26139,MI
MICHIGAN,PRESQUE ISLE,20.3,26141,MI
MICHIGAN,ROSCOMMON,26.56,26143,MI
MICHIGAN,SAGINAW,27.49,26145,MI
MICHIGAN,SANILAC,24.72,26151,MI
MICHIGAN,SCHOOLCRAFT,14.52,26153,MI
MICHIGAN,SHIAWASSEE,23.51,26155,MI
MICHIGAN,ST. CLAIR,24.97,26147,MI
MICHIGAN,ST. JOSEPH,19.42,26149,MI
MICHIGAN,TUSCOLA,21.43,26157,MI
MICHIGAN,VAN BUREN,24.18,26159,MI
MICHIGAN,WASHTENAW,22.34,26161,MI
MICHIGAN,WAYNE,27.35,26163,MI
MICHIGAN,WEXFORD,22.87,26165,MI
MINNESOTA,AITKIN,15.87,27001,MN
MINNESOTA,ANOKA,23.74,27003,MN
MINNESOTA,BECKER,23.19,27005,MN
MINNESOTA,BELTRAMI,25.36,27007,MN
MINNESOTA,BENTON,22.97,27009,MN
MINNESOTA,BIG STONE,13.51,27011,MN
MINNESOTA,BLUE EARTH,23.79,27013,MN
MINNESOTA,BROWN,27.27,27015,MN
MINNESOTA,CARLTON,23.85,27017,MN
MINNESOTA,CARVER,16.42,27019,MN
MINNESOTA,CASS,21.43,27021,MN
MINNESOTA,CHIPPEWA,18.18,27023,MN
MINNESOTA,CHISAGO,25.45,27025,MN
MINNESOTA,CLAY,21.74,27027,MN
MINNESOTA,CLEARWATER,23.33,27029,MN
MINNESOTA,COOK,7.14,27031,MN
MINNESOTA,COTTONWOOD,26.09,27033,MN
MINNESOTA,CROW WING,19.38,27035,MN
MINNESOTA,DAKOTA,23.73,27037,MN
MINNESOTA,DODGE,28.74,27039,MN
MINNESOTA,DOUGLAS,20.95,27041,MN
MINNESOTA,FARIBAULT,22.12,27043,MN
MINNESOTA,FILLMORE,24.11,27045,MN
MINNESOTA,FREEBORN,20.99,27047,MN
MINNESOTA,GOODHUE,27.42,27049,MN
MINNESOTA,GRANT,18.92,27051,MN
MINNESOTA,HENNEPIN,21.48,27053,MN
MINNESOTA,HOUSTON,34.74,27055,MN
MINNESOTA,HUBBARD,16.06,27057,MN
MINNESOTA,ISANTI,20.79,27059,MN
MINNESOTA,ITASCA,15.24,27061,MN
MINNESOTA,JACKSON,16.9,27063,MN
MINNESOTA,KANABEC,21.43,27065,MN
MINNESOTA,KANDIYOHI,23.7,27067,MN
MINNESOTA,KITTSON,20.59,27069,MN
MINNESOTA,KOOCHICHING,14.58,27071,MN
MINNESOTA,LAC QUI PARLE,27.27,27073,MN
MINNESOTA,LAKE,10.53,27075,MN
MINNESOTA,LE SUEUR,26.32,27079,MN
MINNESOTA,LINCOLN,22.86,27081,MN
MINNESOTA,LYON,24.18,27083,MN
MINNESOTA,MAHNOMEN,27.78,27087,MN
MINNESOTA,MARSHALL,26.92,27089,MN
MINNESOTA,MARTIN,26.19,27091,MN
MINNESOTA,MEEKER,18.52,27093,MN
MINNESOTA,MILLE LACS,29.51,27095,MN
MINNESOTA,MORRISON,25.98,27097,MN
MINNESOTA,MOWER,28.49,27099,MN
MINNESOTA,MURRAY,17.31,27101,MN
MINNESOTA,NICOLLET,29.93,27103,MN
MINNESOTA,NOBLES,15.91,27105,MN
MINNESOTA,NORMAN,26.32,27107,MN
MINNESOTA,OLMSTED,19.73,27109,MN
MINNESOTA,OTTER TAIL,18.27,27111,MN
MINNESOTA,PENNINGTON,33.33,27113,MN
MINNESOTA,PINE,16.46,27115,MN
MINNESOTA,PIPESTONE,28.0,27117,MN
MINNESOTA,POLK,19.57,27119,MN
MINNESOTA,POPE,26.98,27121,MN
MINNESOTA,RAMSEY,22.15,27123,MN
MINNESOTA,RED LAKE,26.67,27125,MN
MINNESOTA,REDWOOD,31.96,27127,MN
MINNESOTA,RENVILLE,16.05,27129,MN
MINNESOTA,RICE,15.65,27131,MN
MINNESOTA,ROCK,9.52,27133,MN
MINNESOTA,ROSEAU,31.67,27135,MN
MINNESOTA,SCOTT,22.32,27139,MN
MINNESOTA,SHERBURNE,27.65,27141,MN
MINNESOTA,SIBLEY,15.79,27143,MN
MINNESOTA,ST. LOUIS,23.11,27137,MN
MINNESOTA,STEARNS,33.27,27145,MN
MINNESOTA,STEELE,29.85,27147,MN
MINNESOTA,STEVENS,17.02,27149,MN
MINNESOTA,SWIFT,35.82,27151,MN
MINNESOTA,TODD,31.63,27153,MN
MINNESOTA,TRAVERSE,35.71,27155,MN
MINNESOTA,WABASHA,18.18,27157,MN
MINNESOTA,WADENA,10.14,27159,MN
MINNESOTA,WASECA,31.17,27161,MN
MINNESOTA,WASHINGTON,20.13,27163,MN
MINNESOTA,WATONWAN,25.42,27165,MN
MINNESOTA,WILKIN,26.92,27167,MN
MINNESOTA,WINONA,22.51,27169,MN
MINNESOTA,WRIGHT,26.96,27171,MN
MISSISSIPPI,ADAMS,22.71,28001,MS
MISSISSIPPI,ALCORN,24.92,28003,MS
MISSISSIPPI,AMITE,25.88,28005,MS
MISSISSIPPI,ATTALA,35.45,28007,MS
MISSISSIPPI,BENTON,34.78,28009,MS
MISSISSIPPI,BOLIVAR,16.51,28011,MS
MISSISSIPPI,CALHOUN,20.72,28013,MS
MISSISSIPPI,CARROLL,25.4,28015,MS
MISSISSIPPI,CHICKASAW,29.27,28017,MS
MISSISSIPPI,CHOCTAW,18.75,28019,MS
MISSISSIPPI,CLAIBORNE,38.1,28021,MS
MISSISSIPPI,CLARKE,18.18,28023,MS
MISSISSIPPI,CLAY,33.8,28025,MS
MISSISSIPPI,COAHOMA,26.5,28027,MS
MISSISSIPPI,COPIAH,18.37,28029,MS
MISSISSIPPI,COVINGTON,20.0,28031,MS
MISSISSIPPI,FORREST,19.21,28035,MS
MISSISSIPPI,FRANKLIN,16.39,28037,MS
MISSISSIPPI,GEORGE,25.0,28039,MS
MISSISSIPPI,GREENE,18.64,28041,MS
MISSISSIPPI,GRENADA,20.41,28043,MS
MISSISSIPPI,HANCOCK,22.09,28045,MS
MISSISSIPPI,HARRISON,19.25,28047,MS
MISSISSIPPI,HINDS,17.99,28049,MS
MISSISSIPPI,HOLMES,15.96,28051,MS
MISSISSIPPI,HUMPHREYS,21.82,28053,MS
MISSISSIPPI,ISSAQUENA,0.0,28055,MS
MISSISSIPPI,ITAWAMBA,34.31,28057,MS
MISSISSIPPI,JACKSON,27.36,28059,MS
MISSISSIPPI,JASPER,28.07,28061,MS
MISSISSIPPI,JEFFERSON,23.68,28063,MS
MISSISSIPPI,JEFFERSON DAVIS,14.47,28065,MS
MISSISSIPPI,JONES,23.06,28067,MS
MISSISSIPPI,KEMPER,16.67,28069,MS
MISSISSIPPI,LAFAYETTE,16.47,28071,MS
MISSISSIPPI,LAMAR,21.6,28073,MS
MISSISSIPPI,LAUDERDALE,18.4,28075,MS
MISSISSIPPI,LAWRENCE,19.81,28077,MS
MISSISSIPPI,LEAKE,24.24,28079,MS
MISSISSIPPI,LEE,20.43,28081,MS
MISSISSIPPI,LEFLORE,14.56,28083,MS
MISSISSIPPI,LINCOLN,27.03,28085,MS
MISSISSIPPI,LOWNDES,21.01,28087,MS
MISSISSIPPI,MADISON,14.72,28089,MS
MISSISSIPPI,MARION,18.92,28091,MS
MISSISSIPPI,MARSHALL,19.51,28093,MS
MISSISSIPPI,MONROE,19.41,28095,MS
MISSISSIPPI,MONTGOMERY,17.58,28097,MS
MISSISSIPPI,NESHOBA,20.35,28099,MS
MISSISSIPPI,NEWTON,19.38,28101,MS
MISSISSIPPI,NOXUBEE,20.0,28103,MS
MISSISSIPPI,OKTIBBEHA,27.31,28105,MS
MISSISSIPPI,PANOLA,29.1,28107,MS
MISSISSIPPI,PEARL RIVER,21.2,28109,MS
MISSISSIPPI,PERRY,32.53,28111,MS
MISSISSIPPI,PIKE,22.69,28113,MS
MISSISSIPPI,PONTOTOC,18.18,28115,MS
MISSISSIPPI,PRENTISS,29.46,28117,MS
MISSISSIPPI,QUITMAN,33.33,28119,MS
MISSISSIPPI,RANKIN,16.43,28121,MS
MISSISSIPPI,SCOTT,15.89,28123,MS
MISSISSIPPI,SHARKEY,18.75,28125,MS
MISSISSIPPI,SIMPSON,14.77,28127,MS
MISSISSIPPI,SMITH,17.14,28129,MS
MISSISSIPPI,STONE,26.5,28131,MS
MISSISSIPPI,SUNFLOWER,18.58,28133,MS
MISSISSIPPI,TALLAHATCHIE,18.46,28135,MS
MISSISSIPPI,TATE,24.84,28137,MS
MISSISSIPPI,TIPPAH,22.28,28139,MS
MISSISSIPPI,TISHOMINGO,29.0,28141,MS
MISSISSIPPI,TUNICA,14.29,28143,MS
MISSISSIPPI,UNION,18.13,28145,MS
MISSISSIPPI,WALTHALL,16.44,28147,MS
MISSISSIPPI,WARREN,14.52,28149,MS
MISSISSIPPI,WASHINGTON,13.78,28151,MS
MISSISSIPPI,WAYNE,15.91,28153,MS
MISSISSIPPI,WEBSTER,26.58,28155,MS
MISSISSIPPI,WILKINSON,22.22,28157,MS
MISSISSIPPI,WINSTON,16.42,28159,MS
MISSISSIPPI,YALOBUSHA,23.21,28161,MS
MISSISSIPPI,YAZOO,14.75,28163,MS
MISSOURI,ADAIR,19.23,29001,MO
MISSOURI,ANDREW,26.67,29003,MO
MISSOURI,ATCHISON,18.64,29005,MO
MISSOURI,AUDRAIN,20.75,29007,MO
MISSOURI,BARRY,22.53,29009,MO
MISSOURI,BARTON,16.95,29011,MO
MISSOURI,BATES,21.25,29013,MO
MISSOURI,BENTON,17.12,29015,MO
MISSOURI,BOLLINGER,11.54,29017,MO
MISSOURI,BOONE,14.91,29019,MO
MISSOURI,BUCHANAN,22.42,29021,MO
MISSOURI,BUTLER,13.96,29023,MO
MISSOURI,CALDWELL,18.57,29025,MO
MISSOURI,CALLAWAY,19.89,29027,MO
MISSOURI,CAMDEN,13.59,29029,MO
MISSOURI,CAPE GIRARDEAU,15.46,29031,MO
MISSOURI,CARROLL,12.2,29033,MO
MISSOURI,CARTER,11.54,29035,MO
MISSOURI,CASS,22.52,29037,MO
MISSOURI,CEDAR,27.94,29039,MO
MISSOURI,CHARITON,8.45,29041,MO
MISSOURI,CHRISTIAN,28.06,29043,MO
MISSOURI,CLARK,16.67,29045,MO
MISSOURI,CLAY,19.21,29047,MO
MISSOURI,CLINTON,13.79,29049,MO
MISSOURI,COLE,18.81,29051,MO
MISSOURI,COOPER,14.29,29053,MO
MISSOURI,CRAWFORD,23.08,29055,MO
MISSOURI,DADE,23.08,29057,MO
MISSOURI,DALLAS,28.79,29059,MO
MISSOURI,DAVIESS,23.81,29061,MO
MISSOURI,DENT,23.93,29065,MO
MISSOURI,DOUGLAS,25.53,29067,MO
MISSOURI,DUNKLIN,17.91,29069,MO
MISSOURI,FRANKLIN,31.3,29071,MO
MISSOURI,GASCONADE,23.42,29073,MO
MISSOURI,GENTRY,17.39,29075,MO
MISSOURI,GREENE,29.7,29077,MO
MISSOURI,GRUNDY,21.25,29079,MO
MISSOURI,HARRISON,11.83,29081,MO
MISSOURI,HENRY,14.38,29083,MO
MISSOURI,HICKORY,10.0,29085,MO
MISSOURI,HOLT,7.89,29087,MO
MISSOURI,HOWARD,13.33,29089,MO
MISSOURI,HOWELL,17.19,29091,MO
MISSOURI,IRON,26.47,29093,MO
MISSOURI,JACKSON,24.74,29095,MO
MISSOURI,JASPER,25.32,29097,MO
MISSOURI,JEFFERSON,32.53,29099,MO
MISSOURI,JOHNSON,23.19,29101,MO
MISSOURI,KNOX,18.75,29103,MO
MISSOURI,LACLEDE,26.21,29105,MO
MISSOURI,LAFAYETTE,21.52,29107,MO
MISSOURI,LAWRENCE,28.32,29109,MO
MISSOURI,LEWIS,28.38,29111,MO
MISSOURI,LINCOLN,33.94,29113,MO
MISSOURI,LINN,15.46,29115,MO
MISSOURI,LIVINGSTON,18.75,29117,MO
MISSOURI,MACON,16.33,29121,MO
MISSOURI,MADISON,20.43,29123,MO
MISSOURI,MARIES,23.26,29125,MO
MISSOURI,MARION,26.78,29127,MO
MISSOURI,MERCER,29.17,29129,MO
MISSOURI,MILLER,14.79,29131,MO
MISSOURI,MISSISSIPPI,13.48,29133,MO
MISSOURI,MONITEAU,18.18,29135,MO
MISSOURI,MONROE,13.89,29137,MO
MISSOURI,MONTGOMERY,22.62,29139,MO
MISSOURI,MORGAN,12.41,29141,MO
MISSOURI,NEW MADRID,17.33,29143,MO
MISSOURI,NEWTON,22.68,29145,MO
MISSOURI,NODAWAY,15.19,29147,MO
MISSOURI,OREGON,16.9,29149,MO
MISSOURI,OSAGE,20.0,29151,MO
MISSOURI,OZARK,25.0,29153,MO
MISSOURI,PEMISCOT,18.07,29155,MO
MISSOURI,PERRY,17.83,29157,MO
MISSOURI,PETTIS,12.81,29159,MO
MISSOURI,PHELPS,26.64,29161,MO
MISSOURI,PIKE,22.02,29163,MO
MISSOURI,PLATTE,21.22,29165,MO
MISSOURI,POLK,13.76,29167,MO
MISSOURI,PULASKI,31.46,29169,MO
MISSOURI,PUTNAM,11.76,29171,MO
MISSOURI,RALLS,15.22,29173,MO
MISSOURI,RANDOLPH,18.46,29175,MO
MISSOURI,RAY,21.18,29177,MO
MISSOURI,REYNOLDS,20.0,29179,MO
MISSOURI,RIPLEY,16.88,29181,MO
MISSOURI,SALINE,19.44,29195,MO
MISSOURI,SCHUYLER,27.78,29197,MO
MISSOURI,SCOTLAND,15.15,29199,MO
MISSOURI,SCOTT,17.88,29201,MO
MISSOURI,SHANNON,15.79,29203,MO
MISSOURI,SHELBY,16.39,29205,MO
MISSOURI,ST. CHARLES,27.6,29183,MO
MISSOURI,ST. CLAIR,29.03,29185,MO
MISSOURI,ST. FRANCOIS,24.92,29187,MO
MISSOURI,ST. LOUIS,27.01,29189,MO
MISSOURI,ST. LOUIS CITY,25.84,29510,MO
MISSOURI,STE. GENEVIEVE,26.73,29186,MO
MISSOURI,STODDARD,15.46,29207,MO
MISSOURI,STONE,28.02,29209,MO
MISSOURI,SULLIVAN,12.0,29211,MO
MISSOURI,TANEY,20.16,29213,MO
MISSOURI,TEXAS,19.48,29215,MO
MISSOURI,VERNON,17.82,29217,MO
MISSOURI,WARREN,26.17,29219,MO
MISSOURI,WASHINGTON,28.3,29221,MO
MISSOURI,WAYNE,9.0,29223,MO
MISSOURI,WEBSTER,24.67,29225,MO
MISSOURI,WORTH,21.74,29227,MO
MISSOURI,WRIGHT,24.71,29229,MO
MONTANA,BEAVERHEAD,22.47,30001,MT
MONTANA,BIG HORN,12.5,30003,MT
MONTANA,BLAINE,17.65,30005,MT
MONTANA,BROADWATER,15.25,30007,MT
MONTANA,CARBON,16.44,30009,MT
MONTANA,CARTER,9.09,30011,MT
MONTANA,CASCADE,17.98,30013,MT
MONTANA,CHOUTEAU,12.82,30015,MT
MONTANA,CUSTER,23.66,30017,MT
MONTANA,DANIELS,18.75,30019,MT
MONTANA,DAWSON,11.76,30021,MT
MONTANA,DEER LODGE,25.0,30023,MT
MONTANA,FALLON,11.76,30025,MT
MONTANA,FERGUS,22.32,30027,MT
MONTANA,FLATHEAD,15.19,30029,MT
MONTANA,GALLATIN,10.6,30031,MT
MONTANA,GARFIELD,0.0,30033,MT
MONTANA,GLACIER,16.07,30035,MT
MONTANA,GOLDEN VALLEY,22.22,30037,MT
MONTANA,GRANITE,14.29,30039,MT
MONTANA,HILL,12.5,30041,MT
MONTANA,JEFFERSON,14.46,30043,MT
MONTANA,JUDITH BASIN,9.52,30045,MT
MONTANA,LAKE,14.37,30047,MT
MONTANA,LEWIS AND CLARK,17.83,30049,MT
MONTANA,LIBERTY,7.14,30051,MT
MONTANA,LINCOLN,10.06,30053,MT
MONTANA,MADISON,12.09,30057,MT
MONTANA,MCCONE,25.0,30055,MT
MONTANA,MEAGHER,22.22,30059,MT
MONTANA,MINERAL,14.89,30061,MT
MONTANA,MISSOULA,12.38,30063,MT
MONTANA,MUSSELSHELL,19.23,30065,MT
MONTANA,PARK,11.97,30067,MT
MONTANA,PETROLEUM,0.0,30069,MT
MONTANA,PHILLIPS,13.89,30071,MT
MONTANA,PONDERA,16.98,30073,MT
MONTANA,POWDER RIVER,8.33,30075,MT
MONTANA,POWELL,23.68,30077,MT
MONTANA,PRAIRIE,0.0,30079,MT
MONTANA,RAVALLI,9.19,30081,MT
MONTANA,RICHLAND,21.43,30083,MT
MONTANA,ROOSEVELT,19.15,30085,MT
MONTANA,ROSEBUD,16.67,30087,MT
MONTANA,SANDERS,8.7,30089,MT
MONTANA,SHERIDAN,14.29,30091,MT
MONTANA,SILVER BOW,16.9,30093,MT
MONTANA,STILLWATER,13.43,30095,MT
MONTANA,SWEET GRASS,19.35,30097,MT
MONTANA,TETON,11.9,30099,MT
MONTANA,TOOLE,12.0,30101,MT
MONTANA,TREASURE,16.67,30103,MT
MONTANA,VALLEY,24.29,30105,MT
MONTANA,WHEATLAND,6.25,30107,MT
MONTANA,WIBAUX,0.0,30109,MT
MONTANA,YELLOWSTONE,22.2,30111,MT
NEBRASKA,ADAMS,27.23,31001,NE
NEBRASKA,ANTELOPE,12.9,31003,NE
NEBRASKA,ARTHUR,50.0,31005,NE
NEBRASKA,BANNER,0.0,31007,NE
NEBRASKA,BLAINE,20.0,31009,NE
NEBRASKA,BOONE,25.0,31011,NE
NEBRASKA,BOX BUTTE,12.82,31013,NE
NEBRASKA,BOYD,9.68,31015,NE
NEBRASKA,BROWN,11.54,31017,NE
NEBRASKA,BUFFALO,25.84,31019,NE
NEBRASKA,BURT,20.34,31021,NE
NEBRASKA,BUTLER,16.92,31023,NE
NEBRASKA,CASS,26.0,31025,NE
NEBRASKA,CEDAR,13.04,31027,NE
NEBRASKA,CHASE,16.67,31029,NE
NEBRASKA,CHERRY,9.09,31031,NE
NEBRASKA,CHEYENNE,15.58,31033,NE
NEBRASKA,CLAY,28.38,31035,NE
NEBRASKA,COLFAX,37.84,31037,NE
NEBRASKA,CUMING,13.04,31039,NE
NEBRASKA,CUSTER,22.45,31041,NE
NEBRASKA,DAKOTA,18.0,31043,NE
NEBRASKA,DAWES,2.38,31045,NE
NEBRASKA,DAWSON,24.03,31047,NE
NEBRASKA,DEUEL,5.26,31049,NE
NEBRASKA,DIXON,16.67,31051,NE
NEBRASKA,DODGE,22.07,31053,NE
NEBRASKA,DOUGLAS,22.65,31055,NE
NEBRASKA,DUNDY,13.04,31057,NE
NEBRASKA,FILLMORE,20.0,31059,NE
NEBRASKA,FRANKLIN,20.0,31061,NE
NEBRASKA,FRONTIER,17.65,31063,NE
NEBRASKA,FURNAS,10.42,31065,NE
NEBRASKA,GAGE,21.91,31067,NE
NEBRASKA,GARDEN,11.76,31069,NE
NEBRASKA,GARFIELD,9.52,31071,NE
NEBRASKA,GOSPER,6.67,31073,NE
NEBRASKA,GRANT,9.09,31075,NE
NEBRASKA,GREELEY,6.9,31077,NE
NEBRASKA,HALL,20.77,31079,NE
NEBRASKA,HAMILTON,17.02,31081,NE
NEBRASKA,HARLAN,13.79,31083,NE
NEBRASKA,HITCHCOCK,11.76,31087,NE
NEBRASKA,HOLT,19.32,31089,NE
NEBRASKA,HOOKER,25.0,31091,NE
NEBRASKA,HOWARD,23.81,31093,NE
NEBRASKA,JEFFERSON,22.95,31095,NE
NEBRASKA,JOHNSON,20.51,31097,NE
NEBRASKA,KEARNEY,23.64,31099,NE
NEBRASKA,KEITH,10.99,31101,NE
NEBRASKA,KEYA PAHA,12.5,31103,NE
NEBRASKA,KIMBALL,24.24,31105,NE
NEBRASKA,KNOX,22.73,31107,NE
NEBRASKA,LANCASTER,22.33,31109,NE
NEBRASKA,LINCOLN,21.12,31111,NE
NEBRASKA,LOGAN,33.33,31113,NE
NEBRASKA,LOUP,25.0,31115,NE
NEBRASKA,MADISON,19.73,31119,NE
NEBRASKA,MERRICK,20.29,31121,NE
NEBRASKA,MORRILL,17.14,31123,NE
NEBRASKA,NANCE,21.21,31125,NE
NEBRASKA,NEMAHA,17.54,31127,NE
NEBRASKA,NUCKOLLS,28.0,31129,NE
NEBRASKA,OTOE,18.69,31131,NE
NEBRASKA,PAWNEE,27.59,31133,NE
NEBRASKA,PERKINS,15.0,31135,NE
NEBRASKA,PHELPS,10.45,31137,NE
NEBRASKA,PIERCE,17.31,31139,NE
NEBRASKA,PLATTE,35.19,31141,NE
NEBRASKA,POLK,13.64,31143,NE
NEBRASKA,RED WILLOW,14.94,31145,NE
NEBRASKA,RICHARDSON,14.77,31147,NE
NEBRASKA,ROCK,23.08,31149,NE
NEBRASKA,SALINE,25.0,31151,NE
NEBRASKA,SARPY,21.51,31153,NE
NEBRASKA,SAUNDERS,16.36,31155,NE
NEBRASKA,SEWARD,14.62,31159,NE
NEBRASKA,SHERIDAN,14.04,31161,NE
NEBRASKA,SHERMAN,14.81,31163,NE
NEBRASKA,SIOUX,0.0,31165,NE
NEBRASKA,STANTON,17.39,31167,NE
NEBRASKA,THAYER,17.31,31169,NE
NEBRASKA,THOMAS,60.0,31171,NE
NEBRASKA,THURSTON,19.35,31173,NE
NEBRASKA,VALLEY,19.57,31175,NE
NEBRASKA,WASHINGTON,20.0,31177,NE
NEBRASKA,WAYNE,10.26,31179,NE
NEBRASKA,WEBSTER,21.21,31181,NE
NEBRASKA,WHEELER,12.5,31183,NE
NEBRASKA,YORK,16.98,31185,NE
NEVADA,CARSON CITY,21.56,32510,NV
NEVADA,CHURCHILL,26.22,32001,NV
NEVADA,CLARK,27.15,32003,NV
NEVADA,DOUGLAS,18.3,32005,NV
NEVADA,ELKO,17.0,32007,NV
NEVADA,ESMERALDA,11.11,32009,NV
NEVADA,EUREKA,28.57,32011,NV
NEVADA,HUMBOLDT,14.95,32013,NV
NEVADA,LANDER,13.79,32015,NV
NEVADA,LINCOLN,14.0,32017,NV
NEVADA,LYON,19.09,32019,NV
NEVADA,MINERAL,26.32,32021,NV
NEVADA,NYE,32.95,32023,NV
NEVADA,PERSHING,30.0,32027,NV
NEVADA,STOREY,30.77,32029,NV
NEVADA,WASHOE,21.03,32031,NV
NEVADA,WHITE PINE,13.04,32033,NV
NEW HAMPSHIRE,BELKNAP,14.84,33001,NH
NEW HAMPSHIRE,CARROLL,17.63,33003,NH
NEW HAMPSHIRE,CHESHIRE,15.88,33005,NH
NEW HAMPSHIRE,COOS,17.41,33007,NH
NEW HAMPSHIRE,GRAFTON,16.8,33009,NH
NEW HAMPSHIRE,HILLSBOROUGH,20.67,33011,NH
NEW HAMPSHIRE,MERRIMACK,16.23,33013,NH
NEW HAMPSHIRE,ROCKINGHAM,20.69,33015,NH
NEW HAMPSHIRE,STRAFFORD,20.31,33017,NH
NEW HAMPSHIRE,SULLIVAN,13.64,33019,NH
NEW JERSEY,ATLANTIC,25.37,34001,NJ
NEW JERSEY,BERGEN,19.4,34003,NJ
NEW JERSEY,BURLINGTON,23.22,34005,NJ
NEW JERSEY,CAMDEN,25.52,34007,NJ
NEW JERSEY,CAPE MAY,19.49,34009,NJ
NEW JERSEY,CUMBERLAND,24.56,34011,NJ
NEW JERSEY,ESSEX,23.33,34013,NJ
NEW JERSEY,GLOUCESTER,22.5,34015,NJ
NEW JERSEY,HUDSON,20.84,34017,NJ
NEW JERSEY,HUNTERDON,19.91,34019,NJ
NEW JERSEY,MERCER,21.03,34021,NJ
NEW JERSEY,MIDDLESEX,21.94,34023,NJ
NEW JERSEY,MONMOUTH,21.93,34025,NJ
NEW JERSEY,MORRIS,20.13,34027,NJ
NEW JERSEY,OCEAN,25.57,34029,NJ
NEW JERSEY,PASSAIC,20.4,34031,NJ
NEW JERSEY,SALEM,25.19,34033,NJ
NEW JERSEY,SOMERSET,19.58,34035,NJ
NEW JERSEY,SUSSEX,25.17,34037,NJ
NEW JERSEY,UNION,20.64,34039,NJ
NEW JERSEY,WARREN,27.01,34041,NJ
NEW MEXICO,BERNALILLO,20.44,35001,NM
NEW MEXICO,CATRON,7.69,35003,NM
NEW MEXICO,CHAVES,24.17,35005,NM
NEW MEXICO,CIBOLA,22.12,35006,NM
NEW MEXICO,COLFAX,16.96,35007,NM
NEW MEXICO,CURRY,21.29,35009,NM
NEW MEXICO,DE BACA,18.52,35011,NM
NEW MEXICO,EDDY,15.14,35015,NM
NEW MEXICO,GRANT,13.73,35017,NM
NEW MEXICO,GUADALUPE,0.0,35019,NM
NEW MEXICO,HARDING,25.0,35021,NM
NEW MEXICO,HIDALGO,31.82,35023,NM
NEW MEXICO,LEA,18.57,35025,NM
NEW MEXICO,LINCOLN,14.89,35027,NM
NEW MEXICO,LOS ALAMOS,19.69,35028,NM
NEW MEXICO,LUNA,18.56,35029,NM
NEW MEXICO,MCKINLEY,17.92,35031,NM
NEW MEXICO,MORA,25.0,35033,NM
NEW MEXICO,OTERO,20.92,35035,NM
NEW MEXICO,QUAY,12.7,35037,NM
NEW MEXICO,RIO ARRIBA,22.56,35039,NM
NEW MEXICO,ROOSEVELT,24.51,35041,NM
NEW MEXICO,SAN JUAN,15.55,35045,NM
NEW MEXICO,SAN MIGUEL,23.58,35047,NM
NEW MEXICO,SANDOVAL,19.79,35043,NM
NEW MEXICO,SANTA FE,14.97,35049,NM
NEW MEXICO,SIERRA,13.98,35051,NM
NEW MEXICO,SOCORRO,11.29,35053,NM
NEW MEXICO,TAOS,19.31,35055,NM
NEW MEXICO,TORRANCE,26.19,35057,NM
NEW MEXICO,UNION,10.81,35059,NM
NEW MEXICO,VALENCIA,22.46,35061,NM
NEW YORK,ALBANY,20.77,36001,NY
NEW YORK,ALLEGANY,20.37,36003,NY
NEW YORK,BRONX,26.32,36005,NY
NEW YORK,BROOME,21.03,36007,NY
NEW YORK,CATTARAUGUS,29.73,36009,NY
NEW YORK,CAYUGA,23.38,36011,NY
NEW YORK,CHAUTAUQUA,32.45,36013,NY
NEW YORK,CHEMUNG,25.29,36015,NY
NEW YORK,CHENANGO,24.75,36017,NY
NEW YORK,CLINTON,24.36,36019,NY
NEW YORK,COLUMBIA,17.91,36021,NY
NEW YORK,CORTLAND,21.78,36023,NY
NEW YORK,DELAWARE,15.63,36025,NY
NEW YORK,DUTCHESS,19.37,36027,NY
NEW YORK,ERIE,31.62,36029,NY
NEW YORK,ESSEX,17.31,36031,NY
NEW YORK,FRANKLIN,28.78,36033,NY
NEW YORK,FULTON,28.28,36035,NY
NEW YORK,GENESEE,18.75,36037,NY
NEW YORK,GREENE,20.19,36039,NY
NEW YORK,HAMILTON,25.93,36041,NY
NEW YORK,HERKIMER,17.34,36043,NY
NEW YORK,JEFFERSON,23.97,36045,NY
NEW YORK,KINGS,26.55,36047,NY
NEW YORK,LEWIS,29.27,36049,NY
NEW YORK,LIVINGSTON,20.97,36051,NY
NEW YORK,MADISON,20.85,36053,NY
NEW YORK,MONROE,22.17,36055,NY
NEW YORK,MONTGOMERY,18.72,36057,NY
NEW YORK,NASSAU,20.52,36059,NY
NEW YORK,NEW YORK,18.7,36061,NY
NEW YORK,NIAGARA,29.11,36063,NY
NEW YORK,ONEIDA,23.56,36065,NY
NEW YORK,ONONDAGA,22.33,36067,NY
NEW YORK,ONTARIO,18.78,36069,NY
NEW YORK,ORANGE,22.0,36071,NY
NEW YORK,ORLEANS,16.46,36073,NY
NEW YORK,OSWEGO,27.75,36075,NY
NEW YORK,OTSEGO,22.6,36077,NY
NEW YORK,PUTNAM,19.11,36079,NY
NEW YORK,QUEENS,22.25,36081,NY
NEW YORK,RENSSELAER,21.36,36083,NY
NEW YORK,RICHMOND,25.06,36085,NY
NEW YORK,ROCKLAND,22.9,36087,NY
NEW YORK,SARATOGA,19.13,36091,NY
NEW YORK,SCHENECTADY,23.68,36093,NY
NEW YORK,SCHOHARIE,14.13,36095,NY
NEW YORK,SCHUYLER,19.3,36097,NY
NEW YORK,SENECA,14.04,36099,NY
NEW YORK,ST. LAWRENCE,29.67,36089,NY
NEW YORK,STEUBEN,21.43,36101,NY
NEW YORK,SUFFOLK,21.3,36103,NY
NEW YORK,SULLIVAN,22.27,36105,NY
NEW YORK,TIOGA,15.04,36107,NY
NEW YORK,TOMPKINS,14.75,36109,NY
NEW YORK,ULSTER,18.12,36111,NY
NEW YORK,WARREN,22.29,36113,NY
NEW YORK,WASHINGTON,22.99,36115,NY
NEW YORK,WAYNE,24.86,36117,NY
NEW YORK,WESTCHESTER,19.84,36119,NY
NEW YORK,WYOMING,26.0,36121,NY
NEW YORK,YATES,8.33,36123,NY
NORTH CAROLINA,ALAMANCE,28.05,37001,NC
NORTH CAROLINA,ALEXANDER,16.44,37003,NC
NORTH CAROLINA,ALLEGHANY,19.23,37005,NC
NORTH CAROLINA,ANSON,31.67,37007,NC
NORTH CAROLINA,ASHE,17.31,37009,NC
NORTH CAROLINA,AVERY,25.4,37011,NC
NORTH CAROLINA,BEAUFORT,22.66,37013,NC
NORTH CAROLINA,BERTIE,34.06,37015,NC
NORTH CAROLINA,BLADEN,30.38,37017,NC
NORTH CAROLINA,BRUNSWICK,19.25,37019,NC
NORTH CAROLINA,BUNCOMBE,17.87,37021,NC
NORTH CAROLINA,BURKE,19.34,37023,NC
NORTH CAROLINA,CABARRUS,21.18,37025,NC
NORTH CAROLINA,CALDWELL,21.52,37027,NC
NORTH CAROLINA,CAMDEN,36.67,37029,NC
NORTH CAROLINA,CARTERET,17.49,37031,NC
NORTH CAROLINA,CASWELL,22.83,37033,NC
NORTH CAROLINA,CATAWBA,25.91,37035,NC
NORTH CAROLINA,CHATHAM,18.67,37037,NC
NORTH CAROLINA,CHEROKEE,29.34,37039,NC
NORTH CAROLINA,CHOWAN,24.76,37041,NC
NORTH CAROLINA,CLAY,25.96,37043,NC
NORTH CAROLINA,CLEVELAND,24.22,37045,NC
NORTH CAROLINA,COLUMBUS,30.67,37047,NC
NORTH CAROLINA,CRAVEN,23.94,37049,NC
NORTH CAROLINA,CUMBERLAND,26.94,37051,NC
NORTH CAROLINA,CURRITUCK,16.88,37053,NC
NORTH CAROLINA,DARE,15.25,37055,NC
NORTH CAROLINA,DAVIDSON,31.44,37057,NC
NORTH CAROLINA,DAVIE,33.14,37059,NC
NORTH CAROLINA,DUPLIN,23.68,37061,NC
NORTH CAROLINA,DURHAM,21.4,37063,NC
NORTH CAROLINA,EDGECOMBE,27.93,37065,NC
NORTH CAROLINA,FORSYTH,26.81,37067,NC
NORTH CAROLINA,FRANKLIN,18.22,37069,NC
NORTH CAROLINA,GASTON,27.8,37071,NC
NORTH CAROLINA,GATES,21.25,37073,NC
NORTH CAROLINA,GRAHAM,16.07,37075,NC
NORTH CAROLINA,GRANVILLE,28.77,37077,NC
NORTH CAROLINA,GREENE,25.0,37079,NC
NORTH CAROLINA,GUILFORD,27.56,37081,NC
NORTH CAROLINA,HALIFAX,27.01,37083,NC
NORTH CAROLINA,HARNETT,26.99,37085,NC
NORTH CAROLINA,HAYWOOD,17.66,37087,NC
NORTH CAROLINA,HENDERSON,21.45,37089,NC
NORTH CAROLINA,HERTFORD,28.76,37091,NC
NORTH CAROLINA,HOKE,36.84,37093,NC
NORTH CAROLINA,HYDE,16.67,37095,NC
NORTH CAROLINA,IREDELL,22.64,37097,NC
NORTH CAROLINA,JACKSON,17.37,37099,NC
NORTH CAROLINA,JOHNSTON,23.17,37101,NC
NORTH CAROLINA,JONES,29.33,37103,NC
NORTH CAROLINA,LEE,22.8,37105,NC
NORTH CAROLINA,LENOIR,23.36,37107,NC
NORTH CAROLINA,LINCOLN,22.95,37109,NC
NORTH CAROLINA,MACON,19.63,37113,NC
NORTH CAROLINA,MADISON,19.33,37115,NC
NORTH CAROLINA,MARTIN,21.52,37117,NC
NORTH CAROLINA,MECKLENBURG,18.64,37119,NC
NORTH CAROLINA,MITCHELL,22.12,37121,NC
NORTH CAROLINA,MONTGOMERY,24.3,37123,NC
NORTH CAROLINA,MOORE,25.07,37125,NC
NORTH CAROLINA,NASH,23.64,37127,NC
NORTH CAROLINA,NEW HANOVER,19.72,37129,NC
NORTH CAROLINA,NORTHAMPTON,34.71,37131,NC
NORTH CAROLINA,ONSLOW,24.02,37133,NC
NORTH CAROLINA,ORANGE,16.87,37135,NC
NORTH CAROLINA,PAMLICO,24.31,37137,NC
NORTH CAROLINA,PASQUOTANK,21.34,37139,NC
NORTH CAROLINA,PENDER,22.04,37141,NC
NORTH CAROLINA,PERQUIMANS,22.86,37143,NC
NORTH CAROLINA,PERSON,37.34,37145,NC
NORTH CAROLINA,PITT,28.29,37147,NC
NORTH CAROLINA,POLK,14.29,37149,NC
NORTH CAROLINA,RANDOLPH,27.59,37151,NC
NORTH CAROLINA,RICHMOND,25.52,37153,NC
NORTH CAROLINA,ROBESON,28.57,37155,NC
NORTH CAROLINA,ROCKINGHAM,30.25,37157,NC
NORTH CAROLINA,ROWAN,24.25,37159,NC
NORTH CAROLINA,RUTHERFORD,17.88,37161,NC
NORTH CAROLINA,SAMPSON,30.64,37163,NC
NORTH CAROLINA,SCOTLAND,34.32,37165,NC
NORTH CAROLINA,STANLY,24.77,37167,NC
NORTH CAROLINA,STOKES,17.19,37169,NC
NORTH CAROLINA,SURRY,27.01,37171,NC
NORTH CAROLINA,SWAIN,17.17,37173,NC
NORTH CAROLINA,TRANSYLVANIA,18.26,37175,NC
NORTH CAROLINA,TYRRELL,11.76,37177,NC
NORTH CAROLINA,UNION,21.34,37179,NC
NORTH CAROLINA,VANCE,33.33,37181,NC
NORTH CAROLINA,WAKE,20.5,37183,NC
NORTH CAROLINA,WARREN,28.3,37185,NC
NORTH CAROLINA,WASHINGTON,19.32,37187,NC
NORTH CAROLINA,WATAUGA,19.7,37189,NC
NORTH CAROLINA,WAYNE,30.12,37191,NC
NORTH CAROLINA,WILKES,25.27,37193,NC
NORTH CAROLINA,WILSON,24.61,37195,NC
NORTH CAROLINA,YADKIN,37.29,37197,NC
NORTH CAROLINA,YANCEY,24.8,37199,NC
NORTH DAKOTA,ADAMS,12.5,38001,ND
NORTH DAKOTA,BARNES,20.45,38003,ND
NORTH DAKOTA,BENSON,32.56,38005,ND
NORTH DAKOTA,BOTTINEAU,17.31,38009,ND
NORTH DAKOTA,BOWMAN,17.39,38011,ND
NORTH DAKOTA,BURKE,25.0,38013,ND
NORTH DAKOTA,BURLEIGH,20.12,38015,ND
NORTH DAKOTA,CASS,28.1,38017,ND
NORTH DAKOTA,CAVALIER,22.22,38019,ND
NORTH DAKOTA,DICKEY,10.53,38021,ND
NORTH DAKOTA,DIVIDE,15.79,38023,ND
NORTH DAKOTA,DUNN,35.0,38025,ND
NORTH DAKOTA,EDDY,13.64,38027,ND
NORTH DAKOTA,EMMONS,15.15,38029,ND
NORTH DAKOTA,FOSTER,21.05,38031,ND
NORTH DAKOTA,GOLDEN VALLEY,0.0,38033,ND
NORTH DAKOTA,GRAND FORKS,25.35,38035,ND
NORTH DAKOTA,GRANT,5.56,38037,ND
NORTH DAKOTA,GRIGGS,40.0,38039,ND
NORTH DAKOTA,HETTINGER,20.83,38041,ND
NORTH DAKOTA,KIDDER,8.33,38043,ND
NORTH DAKOTA,LOGAN,27.78,38047,ND
NORTH DAKOTA,MCHENRY,24.0,38049,ND
NORTH DAKOTA,MCINTOSH,16.13,38051,ND
NORTH DAKOTA,MCKENZIE,24.32,38053,ND
NORTH DAKOTA,MCLEAN,22.61,38055,ND
NORTH DAKOTA,MERCER,21.43,38057,ND
NORTH DAKOTA,MORTON,23.23,38059,ND
NORTH DAKOTA,MOUNTRAIL,11.11,38061,ND
NORTH DAKOTA,NELSON,33.33,38063,ND
NORTH DAKOTA,OLIVER,0.0,38065,ND
NORTH DAKOTA,PEMBINA,20.97,38067,ND
NORTH DAKOTA,PIERCE,18.75,38069,ND
NORTH DAKOTA,RAMSEY,21.28,38071,ND
NORTH DAKOTA,RANSOM,23.08,38073,ND
NORTH DAKOTA,RENVILLE,36.36,38075,ND
NORTH DAKOTA,RICHLAND,16.46,38077,ND
NORTH DAKOTA,ROLETTE,22.06,38079,ND
NORTH DAKOTA,SARGENT,31.58,38081,ND
NORTH DAKOTA,SHERIDAN,13.33,38083,ND
NORTH DAKOTA,SIOUX,13.33,38085,ND
NORTH DAKOTA,SLOPE,0.0,38087,ND
NORTH DAKOTA,STARK,14.57,38089,ND
NORTH DAKOTA,STEELE,30.0,38091,ND
NORTH DAKOTA,STUTSMAN,17.43,38093,ND
NORTH DAKOTA,TOWNER,25.0,38095,ND
NORTH DAKOTA,TRAILL,7.58,38097,ND
NORTH DAKOTA,WALSH,23.38,38099,ND
NORTH DAKOTA,WARD,24.76,38101,ND
NORTH DAKOTA,WELLS,19.05,38103,ND
NORTH DAKOTA,WILLIAMS,12.7,38105,ND
OHIO,ADAMS,27.7,39001,OH
OHIO,ALLEN,25.11,39003,OH
OHIO,ASHLAND,21.58,39005,OH
OHIO,ASHTABULA,20.86,39007,OH
OHIO,ATHENS,28.8,39009,OH
OHIO,AUGLAIZE,16.61,39011,OH
OHIO,BELMONT,15.83,39013,OH
OHIO,BROWN,24.81,39015,OH
OHIO,BUTLER,22.52,39017,OH
OHIO,CARROLL,18.57,39019,OH
OHIO,CHAMPAIGN,22.15,39021,OH
OHIO,CLARK,24.56,39023,OH
OHIO,CLERMONT,20.2,39025,OH
OHIO,CLINTON,28.08,39027,OH
OHIO,COLUMBIANA,24.71,39029,OH
OHIO,COSHOCTON,27.23,39031,OH
OHIO,CRAWFORD,24.45,39033,OH
OHIO,CUYAHOGA,24.17,39035,OH
OHIO,DARKE,23.84,39037,OH
OHIO,DEFIANCE,25.79,39039,OH
OHIO,DELAWARE,20.99,39041,OH
OHIO,ERIE,26.46,39043,OH
OHIO,FAIRFIELD,23.13,39045,OH
OHIO,FAYETTE,26.19,39047,OH
OHIO,FRANKLIN,24.29,39049,OH
OHIO,FULTON,17.77,39051,OH
OHIO,GALLIA,31.85,39053,OH
OHIO,GEAUGA,19.58,39055,OH
OHIO,GREENE,25.0,39057,OH
OHIO,GUERNSEY,29.46,39059,OH
OHIO,HAMILTON,20.54,39061,OH
OHIO,HANCOCK,26.32,39063,OH
OHIO,HARDIN,21.08,39065,OH
OHIO,HARRISON,21.43,39067,OH
OHIO,HENRY,28.14,39069,OH
OHIO,HIGHLAND,30.95,39071,OH
OHIO,HOCKING,25.71,39073,OH
OHIO,HOLMES,16.51,39075,OH
OHIO,HURON,18.28,39077,OH
OHIO,JACKSON,34.87,39079,OH
OHIO,JEFFERSON,32.49,39081,OH
OHIO,KNOX,26.73,39083,OH
OHIO,LAKE,20.02,39085,OH
OHIO,LAWRENCE,31.27,39087,OH
OHIO,LICKING,24.87,39089,OH
OHIO,LOGAN,21.13,39091,OH
OHIO,LORAIN,25.11,39093,OH
OHIO,LUCAS,23.22,39095,OH
OHIO,MADISON,27.03,39097,OH
OHIO,MAHONING,22.98,39099,OH
OHIO,MARION,25.47,39101,OH
OHIO,MEDINA,23.45,39103,OH
OHIO,MEIGS,35.78,39105,OH
OHIO,MERCER,18.82,39107,OH
OHIO,MIAMI,24.95,39109,OH
OHIO,MONROE,21.05,39111,OH
OHIO,MONTGOMERY,26.3,39113,OH
OHIO,MORGAN,31.03,39115,OH
OHIO,MORROW,20.69,39117,OH
OHIO,MUSKINGUM,24.49,39119,OH
OHIO,NOBLE,25.58,39121,OH
OHIO,OTTAWA,16.55,39123,OH
OHIO,PAULDING,27.03,39125,OH
OHIO,PERRY,27.74,39127,OH
OHIO,PICKAWAY,31.25,39129,OH
OHIO,PIKE,43.59,39131,OH
OHIO,PORTAGE,25.0,39133,OH
OHIO,PREBLE,20.53,39135,OH
OHIO,PUTNAM,23.33,39137,OH
OHIO,RICHLAND,22.24,39139,OH
OHIO,ROSS,30.19,39141,OH
OHIO,SANDUSKY,28.43,39143,OH
OHIO,SCIOTO,27.93,39145,OH
OHIO,SENECA,25.2,39147,OH
OHIO,SHELBY,18.94,39149,OH
OHIO,STARK,24.49,39151,OH
OHIO,SUMMIT,23.63,39153,OH
OHIO,TRUMBULL,23.05,39155,OH
OHIO,TUSCARAWAS,23.2,39157,OH
OHIO,UNION,22.14,39159,OH
OHIO,VAN WERT,24.19,39161,OH
OHIO,VINTON,26.67,39163,OH
OHIO,WARREN,22.6,39165,OH
OHIO,WASHINGTON,20.59,39167,OH
OHIO,WAYNE,18.06,39169,OH
OHIO,WILLIAMS,26.92,39171,OH
OHIO,WOOD,25.16,39173,OH
OHIO,WYANDOT,18.54,39175,OH
OKLAHOMA,ADAIR,28.7,40001,OK
OKLAHOMA,ALFALFA,23.91,40003,OK
OKLAHOMA,ATOKA,22.5,40005,OK
OKLAHOMA,BEAVER,12.12,40007,OK
OKLAHOMA,BECKHAM,17.95,40009,OK
OKLAHOMA,BLAINE,21.74,40011,OK
OKLAHOMA,BRYAN,22.34,40013,OK
OKLAHOMA,CADDO,26.67,40015,OK
OKLAHOMA,CANADIAN,24.29,40017,OK
OKLAHOMA,CARTER,31.11,40019,OK
OKLAHOMA,CHEROKEE,22.13,40021,OK
OKLAHOMA,CHOCTAW,25.89,40023,OK
OKLAHOMA,CIMARRON,9.52,40025,OK
OKLAHOMA,CLEVELAND,20.09,40027,OK
OKLAHOMA,COAL,22.22,40029,OK
OKLAHOMA,COMANCHE,27.63,40031,OK
OKLAHOMA,COTTON,30.3,40033,OK
OKLAHOMA,CRAIG,23.64,40035,OK
OKLAHOMA,CREEK,22.41,40037,OK
OKLAHOMA,CUSTER,23.7,40039,OK
OKLAHOMA,DELAWARE,21.3,40041,OK
OKLAHOMA,DEWEY,25.71,40043,OK
OKLAHOMA,ELLIS,18.18,40045,OK
OKLAHOMA,GARFIELD,27.58,40047,OK
OKLAHOMA,GARVIN,18.62,40049,OK
OKLAHOMA,GRADY,22.38,40051,OK
OKLAHOMA,GRANT,8.11,40053,OK
OKLAHOMA,GREER,23.91,40055,OK
OKLAHOMA,HARMON,33.33,40057,OK
OKLAHOMA,HARPER,26.92,40059,OK
OKLAHOMA,HASKELL,25.97,40061,OK
OKLAHOMA,HUGHES,29.11,40063,OK
OKLAHOMA,JACKSON,24.22,40065,OK
OKLAHOMA,JEFFERSON,36.17,40067,OK
OKLAHOMA,JOHNSTON,20.83,40069,OK
OKLAHOMA,KAY,19.33,40071,OK
OKLAHOMA,KINGFISHER,31.87,40073,OK
OKLAHOMA,KIOWA,26.67,40075,OK
OKLAHOMA,LATIMER,29.27,40077,OK
OKLAHOMA,LE FLORE,27.89,40079,OK
OKLAHOMA,LINCOLN,22.22,40081,OK
OKLAHOMA,LOGAN,27.33,40083,OK
OKLAHOMA,LOVE,37.5,40085,OK
OKLAHOMA,MAJOR,21.54,40093,OK
OKLAHOMA,MARSHALL,16.35,40095,OK
OKLAHOMA,MAYES,22.22,40097,OK
OKLAHOMA,MCCLAIN,21.67,40087,OK
OKLAHOMA,MCCURTAIN,29.02,40089,OK
OKLAHOMA,MCINTOSH,20.86,40091,OK
OKLAHOMA,MURRAY,26.04,40099,OK
OKLAHOMA,MUSKOGEE,25.63,40101,OK
OKLAHOMA,NOBLE,25.0,40103,OK
OKLAHOMA,NOWATA,13.64,40105,OK
OKLAHOMA,OKFUSKEE,25.37,40107,OK
OKLAHOMA,OKLAHOMA,24.75,40109,OK
OKLAHOMA,OKMULGEE,26.92,40111,OK
OKLAHOMA,OSAGE,21.85,40113,OK
OKLAHOMA,OTTAWA,28.26,40115,OK
OKLAHOMA,PAWNEE,28.0,40117,OK
OKLAHOMA,PAYNE,17.36,40119,OK
OKLAHOMA,PITTSBURG,21.62,40121,OK
OKLAHOMA,PONTOTOC,23.29,40123,OK
OKLAHOMA,POTTAWATOMIE,22.9,40125,OK
OKLAHOMA,PUSHMATAHA,19.79,40127,OK
OKLAHOMA,ROGER MILLS,24.14,40129,OK
OKLAHOMA,ROGERS,25.77,40131,OK
OKLAHOMA,SEMINOLE,30.47,40133,OK
OKLAHOMA,SEQUOYAH,20.09,40135,OK
OKLAHOMA,STEPHENS,27.3,40137,OK
OKLAHOMA,TEXAS,7.61,40139,OK
OKLAHOMA,TILLMAN,23.91,40141,OK
OKLAHOMA,TULSA,24.48,40143,OK
OKLAHOMA,WAGONER,29.01,40145,OK
OKLAHOMA,WASHINGTON,18.1,40147,OK
OKLAHOMA,WASHITA,13.41,40149,OK
OKLAHOMA,WOODS,21.92,40151,OK
OKLAHOMA,WOODWARD,11.21,40153,OK
OREGON,BAKER,15.34,41001,OR
OREGON,BENTON,10.48,41003,OR
OREGON,CLACKAMAS,19.28,41005,OR
OREGON,CLATSOP,15.18,41007,OR
OREGON,COLUMBIA,21.94,41009,OR
OREGON,COOS,22.26,41011,OR
OREGON,CROOK,16.58,41013,OR
OREGON,CURRY,16.49,41015,OR
OREGON,DESCHUTES,13.93,41017,OR
OREGON,DOUGLAS,22.24,41019,OR
OREGON,GILLIAM,19.23,41021,OR
OREGON,GRANT,9.38,41023,OR
OREGON,HARNEY,10.71,41025,OR
OREGON,HOOD RIVER,16.83,41027,OR
OREGON,JACKSON,17.58,41029,OR
OREGON,JEFFERSON,16.67,41031,OR
OREGON,JOSEPHINE,21.13,41033,OR
OREGON,KLAMATH,17.08,41035,OR
OREGON,LAKE,8.57,41037,OR
OREGON,LANE,20.32,41039,OR
OREGON,LINCOLN,17.78,41041,OR
OREGON,LINN,23.19,41043,OR
OREGON,MALHEUR,19.08,41045,OR
OREGON,MARION,19.48,41047,OR
OREGON,MORROW,13.04,41049,OR
OREGON,MULTNOMAH,19.91,41051,OR
OREGON,POLK,22.57,41053,OR
OREGON,SHERMAN,12.5,41055,OR
OREGON,TILLAMOOK,17.53,41057,OR
OREGON,UMATILLA,18.13,41059,OR
OREGON,UNION,19.88,41061,OR
OREGON,WALLOWA,22.77,41063,OR
OREGON,WASCO,18.48,41065,OR
OREGON,WASHINGTON,17.18,41067,OR
OREGON,WHEELER,12.5,41069,OR
OREGON,YAMHILL,21.87,41071,OR
PENNSYLVANIA,ADAMS,20.61,42001,PA
PENNSYLVANIA,ALLEGHENY,21.36,42003,PA
PENNSYLVANIA,ARMSTRONG,23.5,42005,PA
PENNSYLVANIA,BEAVER,27.25,42007,PA
PENNSYLVANIA,BEDFORD,20.19,42009,PA
PENNSYLVANIA,BERKS,23.03,42011,PA
PENNSYLVANIA,BLAIR,25.11,42013,PA
PENNSYLVANIA,BRADFORD,18.41,42015,PA
PENNSYLVANIA,BUCKS,23.01,42017,PA
PENNSYLVANIA,BUTLER,21.54,42019,PA
PENNSYLVANIA,CAMBRIA,23.84,42021,PA
PENNSYLVANIA,CAMERON,25.0,42023,PA
PENNSYLVANIA,CARBON,24.05,42025,PA
PENNSYLVANIA,CENTRE,27.18,42027,PA
PENNSYLVANIA,CHESTER,20.44,42029,PA
PENNSYLVANIA,CLARION,22.78,42031,PA
PENNSYLVANIA,CLEARFIELD,28.13,42033,PA
PENNSYLVANIA,CLINTON,27.86,42035,PA
PENNSYLVANIA,COLUMBIA,31.27,42037,PA
PENNSYLVANIA,CRAWFORD,21.41,42039,PA
PENNSYLVANIA,CUMBERLAND,24.71,42041,PA
PENNSYLVANIA,DAUPHIN,27.52,42043,PA
PENNSYLVANIA,DELAWARE,21.52,42045,PA
PENNSYLVANIA,ELK,28.05,42047,PA
PENNSYLVANIA,ERIE,21.54,42049,PA
PENNSYLVANIA,FAYETTE,23.01,42051,PA
PENNSYLVANIA,FOREST,18.75,42053,PA
PENNSYLVANIA,FRANKLIN,24.37,42055,PA
PENNSYLVANIA,FULTON,16.48,42057,PA
PENNSYLVANIA,GREENE,24.79,42059,PA
PENNSYLVANIA,HUNTINGDON,27.41,42061,PA
PENNSYLVANIA,INDIANA,19.91,42063,PA
PENNSYLVANIA,JEFFERSON,23.92,42065,PA
PENNSYLVANIA,JUNIATA,27.78,42067,PA
PENNSYLVANIA,LACKAWANNA,25.66,42069,PA
PENNSYLVANIA,LANCASTER,29.53,42071,PA
PENNSYLVANIA,LAWRENCE,25.47,42073,PA
PENNSYLVANIA,LEBANON,21.72,42075,PA
PENNSYLVANIA,LEHIGH,25.71,42077,PA
PENNSYLVANIA,LUZERNE,27.09,42079,PA
PENNSYLVANIA,LYCOMING,28.41,42081,PA
PENNSYLVANIA,MERCER,27.59,42085,PA
PENNSYLVANIA,MIFFLIN,31.84,42087,PA
PENNSYLVANIA,MONROE,27.36,42089,PA
PENNSYLVANIA,MONTGOMERY,21.49,42091,PA
PENNSYLVANIA,MONTOUR,34.29,42093,PA
PENNSYLVANIA,NORTHAMPTON,25.46,42095,PA
PENNSYLVANIA,PERRY,32.37,42099,PA
PENNSYLVANIA,PHILADELPHIA,26.64,42101,PA
PENNSYLVANIA,PIKE,24.91,42103,PA
PENNSYLVANIA,POTTER,15.96,42105,PA
PENNSYLVANIA,SCHUYLKILL,27.22,42107,PA
PENNSYLVANIA,SNYDER,27.27,42109,PA
PENNSYLVANIA,SOMERSET,21.59,42111,PA
PENNSYLVANIA,SULLIVAN,18.6,42113,PA
PENNSYLVANIA,SUSQUEHANNA,17.05,42115,PA
PENNSYLVANIA,TIOGA,21.24,42117,PA
PENNSYLVANIA,UNION,20.83,42119,PA
PENNSYLVANIA,VENANGO,27.83,42121,PA
PENNSYLVANIA,WARREN,16.8,42123,PA
PENNSYLVANIA,WASHINGTON,25.09,42125,PA
PENNSYLVANIA,WAYNE,19.12,42127,PA
PENNSYLVANIA,WESTMORELAND,26.08,42129,PA
PENNSYLVANIA,WYOMING,12.57,42131,PA
PENNSYLVANIA,YORK,26.13,42133,PA
RHODE ISLAND,BRISTOL,20.53,44001,RI
RHODE ISLAND,KENT,26.63,44003,RI
RHODE ISLAND,NEWPORT,23.64,44005,RI
RHODE ISLAND,PROVIDENCE,22.59,44007,RI
RHODE ISLAND,WASHINGTON,17.73,44009,RI
SOUTH CAROLINA,ABBEVILLE,22.52,45001,SC
SOUTH CAROLINA,AIKEN,21.98,45003,SC
SOUTH CAROLINA,ALLENDALE,13.95,45005,SC
SOUTH CAROLINA,ANDERSON,20.63,45007,SC
SOUTH CAROLINA,BAMBERG,20.0,45009,SC
SOUTH CAROLINA,BARNWELL,28.75,45011,SC
SOUTH CAROLINA,BEAUFORT,16.77,45013,SC
SOUTH CAROLINA,BERKELEY,22.33,45015,SC
SOUTH CAROLINA,CALHOUN,17.19,45017,SC
SOUTH CAROLINA,CHARLESTON,19.87,45019,SC
SOUTH CAROLINA,CHEROKEE,22.39,45021,SC
SOUTH CAROLINA,CHESTER,14.65,45023,SC
SOUTH CAROLINA,CHESTERFIELD,20.37,45025,SC
SOUTH CAROLINA,CLARENDON,24.27,45027,SC
SOUTH CAROLINA,COLLETON,21.43,45029,SC
SOUTH CAROLINA,DARLINGTON,24.68,45031,SC
SOUTH CAROLINA,DILLON,18.83,45033,SC
SOUTH CAROLINA,DORCHESTER,19.54,45035,SC
SOUTH CAROLINA,EDGEFIELD,12.79,45037,SC
SOUTH CAROLINA,FAIRFIELD,17.86,45039,SC
SOUTH CAROLINA,FLORENCE,26.27,45041,SC
SOUTH CAROLINA,GEORGETOWN,16.29,45043,SC
SOUTH CAROLINA,GREENVILLE,21.08,45045,SC
SOUTH CAROLINA,GREENWOOD,20.53,45047,SC
SOUTH CAROLINA,HAMPTON,19.35,45049,SC
SOUTH CAROLINA,HORRY,20.84,45051,SC
SOUTH CAROLINA,JASPER,20.54,45053,SC
SOUTH CAROLINA,KERSHAW,20.59,45055,SC
SOUTH CAROLINA,LANCASTER,21.66,45057,SC
SOUTH CAROLINA,LAURENS,20.74,45059,SC
SOUTH CAROLINA,LEE,23.4,45061,SC
SOUTH CAROLINA,LEXINGTON,18.12,45063,SC
SOUTH CAROLINA,MARION,23.5,45067,SC
SOUTH CAROLINA,MARLBORO,27.56,45069,SC
SOUTH CAROLINA,MCCORMICK,23.81,45065,SC
SOUTH CAROLINA,NEWBERRY,18.38,45071,SC
SOUTH CAROLINA,OCONEE,17.69,45073,SC
SOUTH CAROLINA,ORANGEBURG,20.9,45075,SC
SOUTH CAROLINA,PICKENS,20.38,45077,SC
SOUTH CAROLINA,RICHLAND,20.13,45079,SC
SOUTH CAROLINA,SALUDA,24.32,45081,SC
SOUTH CAROLINA,SPARTANBURG,19.61,45083,SC
SOUTH CAROLINA,SUMTER,29.48,45085,SC
SOUTH CAROLINA,UNION,15.52,45087,SC
SOUTH CAROLINA,WILLIAMSBURG,25.19,45089,SC
SOUTH CAROLINA,YORK,17.89,45091,SC
SOUTH DAKOTA,AURORA,15.0,46003,SD
SOUTH DAKOTA,BEADLE,21.55,46005,SD
SOUTH DAKOTA,BENNETT,28.57,46007,SD
SOUTH DAKOTA,BON HOMME,24.0,46009,SD
SOUTH DAKOTA,BROOKINGS,19.84,46011,SD
SOUTH DAKOTA,BROWN,19.41,46013,SD
SOUTH DAKOTA,BRULE,42.31,46015,SD
SOUTH DAKOTA,BUFFALO,25.0,46017,SD
SOUTH DAKOTA,BUTTE,15.28,46019,SD
SOUTH DAKOTA,CAMPBELL,20.83,46021,SD
SOUTH DAKOTA,CHARLES MIX,27.87,46023,SD
SOUTH DAKOTA,CLARK,4.55,46025,SD
SOUTH DAKOTA,CLAY,17.54,46027,SD
SOUTH DAKOTA,CODINGTON,28.32,46029,SD
SOUTH DAKOTA,CORSON,6.67,46031,SD
SOUTH DAKOTA,CUSTER,13.92,46033,SD
SOUTH DAKOTA,DAVISON,19.38,46035,SD
SOUTH DAKOTA,DAY,21.95,46037,SD
SOUTH DAKOTA,DEUEL,10.53,46039,SD
SOUTH DAKOTA,DEWEY,20.83,46041,SD
SOUTH DAKOTA,DOUGLAS,21.74,46043,SD
SOUTH DAKOTA,EDMUNDS,22.86,46045,SD
SOUTH DAKOTA,FALL RIVER,17.24,46047,SD
SOUTH DAKOTA,FAULK,26.09,46049,SD
SOUTH DAKOTA,GRANT,13.79,46051,SD
SOUTH DAKOTA,GREGORY,22.22,46053,SD
SOUTH DAKOTA,HAAKON,23.53,46055,SD
SOUTH DAKOTA,HAMLIN,11.11,46057,SD
SOUTH DAKOTA,HAND,14.81,46059,SD
SOUTH DAKOTA,HANSON,20.51,46061,SD
SOUTH DAKOTA,HARDING,0.0,46063,SD
SOUTH DAKOTA,HUGHES,16.03,46065,SD
SOUTH DAKOTA,HUTCHINSON,21.43,46067,SD
SOUTH DAKOTA,HYDE,30.77,46069,SD
SOUTH DAKOTA,JACKSON,14.29,46071,SD
SOUTH DAKOTA,JERAULD,12.5,46073,SD
SOUTH DAKOTA,JONES,33.33,46075,SD
SOUTH DAKOTA,KINGSBURY,26.09,46077,SD
SOUTH DAKOTA,LAKE,13.1,46079,SD
SOUTH DAKOTA,LAWRENCE,13.53,46081,SD
SOUTH DAKOTA,LINCOLN,30.14,46083,SD
SOUTH DAKOTA,LYMAN,17.39,46085,SD
SOUTH DAKOTA,MARSHALL,18.52,46091,SD
SOUTH DAKOTA,MEADE,10.66,46093,SD
SOUTH DAKOTA,MELLETTE,16.67,46095,SD
SOUTH DAKOTA,MINER,47.06,46097,SD
SOUTH DAKOTA,MINNEHAHA,19.26,46099,SD
SOUTH DAKOTA,MOODY,9.52,46101,SD
SOUTH DAKOTA,PENNINGTON,15.72,46103,SD
SOUTH DAKOTA,PERKINS,0.0,46105,SD
SOUTH DAKOTA,POTTER,11.76,46107,SD
SOUTH DAKOTA,ROBERTS,13.56,46109,SD
SOUTH DAKOTA,SANBORN,23.81,46111,SD
SOUTH DAKOTA,SPINK,36.54,46115,SD
SOUTH DAKOTA,STANLEY,15.0,46117,SD
SOUTH DAKOTA,SULLY,25.0,46119,SD
SOUTH DAKOTA,TODD,21.43,46121,SD
SOUTH DAKOTA,TRIPP,20.0,46123,SD
SOUTH DAKOTA,TURNER,34.62,46125,SD
SOUTH DAKOTA,UNION,16.35,46127,SD
SOUTH DAKOTA,WALWORTH,29.79,46129,SD
SOUTH DAKOTA,YANKTON,22.46,46135,SD
SOUTH DAKOTA,ZIEBACH,33.33,46137,SD
TENNESSEE,ANDERSON,23.68,47001,TN
TENNESSEE,BEDFORD,30.81,47003,TN
TENNESSEE,BENTON,20.83,47005,TN
TENNESSEE,BLEDSOE,24.44,47007,TN
TENNESSEE,BLOUNT,26.19,47009,TN
TENNESSEE,BRADLEY,27.79,47011,TN
TENNESSEE,CAMPBELL,22.88,47013,TN
TENNESSEE,CANNON,37.88,47015,TN
TENNESSEE,CARROLL,18.96,47017,TN
TENNESSEE,CARTER,20.26,47019,TN
TENNESSEE,CHEATHAM,33.33,47021,TN
TENNESSEE,CHESTER,19.74,47023,TN
TENNESSEE,CLAIBORNE,33.33,47025,TN
TENNESSEE,CLAY,29.41,47027,TN
TENNESSEE,COCKE,37.42,47029,TN
TENNESSEE,COFFEE,24.38,47031,TN
TENNESSEE,CROCKETT,24.78,47033,TN
TENNESSEE,CUMBERLAND,21.36,47035,TN
TENNESSEE,DAVIDSON,25.29,47037,TN
TENNESSEE,DECATUR,18.57,47039,TN
TENNESSEE,DICKSON,25.79,47043,TN
TENNESSEE,DYER,22.87,47045,TN
TENNESSEE,FAYETTE,20.0,47047,TN
TENNESSEE,FENTRESS,20.71,47049,TN
TENNESSEE,FRANKLIN,25.55,47051,TN
TENNESSEE,GIBSON,26.67,47053,TN
TENNESSEE,GILES,22.16,47055,TN
TENNESSEE,GRAINGER,24.68,47057,TN
TENNESSEE,GREENE,30.54,47059,TN
TENNESSEE,GRUNDY,20.27,47061,TN
TENNESSEE,HAMBLEN,26.23,47063,TN
TENNESSEE,HAMILTON,24.12,47065,TN
TENNESSEE,HANCOCK,21.43,47067,TN
TENNESSEE,HARDEMAN,20.5,47069,TN
TENNESSEE,HARDIN,19.88,47071,TN
TENNESSEE,HAWKINS,32.81,47073,TN
TENNESSEE,HAYWOOD,26.44,47075,TN
TENNESSEE,HENDERSON,18.75,47077,TN
TENNESSEE,HENRY,19.77,47079,TN
TENNESSEE,HICKMAN,19.0,47081,TN
TENNESSEE,HOUSTON,17.24,47083,TN
TENNESSEE,HUMPHREYS,27.83,47085,TN
TENNESSEE,JACKSON,28.85,47087,TN
TENNESSEE,JEFFERSON,34.62,47089,TN
TENNESSEE,JOHNSON,15.07,47091,TN
TENNESSEE,KNOX,22.04,47093,TN
TENNESSEE,LAKE,37.14,47095,TN
TENNESSEE,LAUDERDALE,19.86,47097,TN
TENNESSEE,LAWRENCE,30.5,47099,TN
TENNESSEE,LEWIS,31.67,47101,TN
TENNESSEE,LINCOLN,19.23,47103,TN
TENNESSEE,LOUDON,23.54,47105,TN
TENNESSEE,MACON,42.86,47111,TN
TENNESSEE,MADISON,24.12,47113,TN
TENNESSEE,MARION,28.83,47115,TN
TENNESSEE,MARSHALL,29.73,47117,TN
TENNESSEE,MAURY,29.92,47119,TN
TENNESSEE,MEIGS,19.05,47121,TN
TENNESSEE,MONROE,24.32,47123,TN
TENNESSEE,MONTGOMERY,24.32,47125,TN
TENNESSEE,MOORE,40.0,47127,TN
TENNESSEE,MORGAN,16.67,47129,TN
TENNESSEE,OBION,22.55,47131,TN
TENNESSEE,OVERTON,23.02,47133,TN
TENNESSEE,PERRY,17.65,47135,TN
TENNESSEE,PICKETT,16.22,47137,TN
TENNESSEE,POLK,25.25,47139,TN
TENNESSEE,PUTNAM,23.32,47141,TN
TENNESSEE,RHEA,25.14,47143,TN
TENNESSEE,ROANE,24.37,47145,TN
TENNESSEE,ROBERTSON,26.23,47147,TN
TENNESSEE,RUTHERFORD,26.27,47149,TN
TENNESSEE,SCOTT,30.16,47151,TN
TENNESSEE,SEQUATCHIE,29.35,47153,TN
TENNESSEE,SEVIER,26.61,47155,TN
TENNESSEE,SHELBY,21.31,47157,TN
TENNESSEE,SMITH,25.56,47159,TN
TENNESSEE,STEWART,20.62,47161,TN
TENNESSEE,SULLIVAN,26.51,47163,TN
TENNESSEE,SUMNER,31.44,47165,TN
TENNESSEE,TIPTON,25.89,47167,TN
TENNESSEE,TROUSDALE,31.82,47169,TN
TENNESSEE,UNICOI,24.39,47171,TN
TENNESSEE,UNION,32.56,47173,TN
TENNESSEE,VAN BUREN,41.18,47175,TN
TENNESSEE,WARREN,40.43,47177,TN
TENNESSEE,WASHINGTON,26.14,47179,TN
TENNESSEE,WAYNE,20.62,47181,TN
TENNESSEE,WEAKLEY,26.29,47183,TN
TENNESSEE,WHITE,34.03,47185,TN
TENNESSEE,WILLIAMSON,18.3,47187,TN
TENNESSEE,WILSON,24.07,47189,TN
TEXAS,ANDERSON,22.13,48001,TX
TEXAS,ANDREWS,15.38,48003,TX
TEXAS,ANGELINA,36.39,48005,TX
TEXAS,ARANSAS,23.78,48007,TX
TEXAS,ARCHER,18.42,48009,TX
TEXAS,ARMSTRONG,26.32,48011,TX
TEXAS,ATASCOSA,24.43,48013,TX
TEXAS,AUSTIN,17.07,48015,TX
TEXAS,BAILEY,31.03,48017,TX
TEXAS,BANDERA,22.88,48019,TX
TEXAS,BASTROP,17.32,48021,TX
TEXAS,BAYLOR,26.09,48023,TX
TEXAS,BEE,22.22,48025,TX
TEXAS,BELL,26.43,48027,TX
TEXAS,BEXAR,27.68,48029,TX
TEXAS,BLANCO,25.29,48031,TX
TEXAS,BOSQUE,14.81,48035,TX
TEXAS,BOWIE,22.25,48037,TX
TEXAS,BRAZORIA,23.81,48039,TX
TEXAS,BRAZOS,23.79,48041,TX
TEXAS,BREWSTER,26.0,48043,TX
TEXAS,BRISCOE,36.84,48045,TX
TEXAS,BROOKS,35.29,48047,TX
TEXAS,BROWN,17.57,48049,TX
TEXAS,BURLESON,18.0,48051,TX
TEXAS,BURNET,23.26,48053,TX
TEXAS,CALDWELL,17.6,48055,TX
TEXAS,CALHOUN,22.35,48057,TX
TEXAS,CALLAHAN,22.35,48059,TX
TEXAS,CAMERON,32.8,48061,TX
TEXAS,CAMP,16.88,48063,TX
TEXAS,CARSON,20.0,48065,TX
TEXAS,CASS,17.07,48067,TX
TEXAS,CASTRO,14.71,48069,TX
TEXAS,CHAMBERS,23.81,48071,TX
TEXAS,CHEROKEE,14.56,48073,TX
TEXAS,CHILDRESS,3.03,48075,TX
TEXAS,CLAY,19.23,48077,TX
TEXAS,COCHRAN,18.18,48079,TX
TEXAS,COKE,31.82,48081,TX
TEXAS,COLEMAN,16.67,48083,TX
TEXAS,COLLIN,23.59,48085,TX
TEXAS,COLLINGSWORTH,16.0,48087,TX
TEXAS,COLORADO,21.58,48089,TX
TEXAS,COMAL,23.52,48091,TX
TEXAS,COMANCHE,18.45,48093,TX
TEXAS,CONCHO,23.08,48095,TX
TEXAS,COOKE,20.0,48097,TX
TEXAS,CORYELL,23.96,48099,TX
TEXAS,COTTLE,23.53,48101,TX
TEXAS,CRANE,33.33,48103,TX
TEXAS,CROCKETT,25.0,48105,TX
TEXAS,CROSBY,20.0,48107,TX
TEXAS,CULBERSON,10.53,48109,TX
TEXAS,DALLAM,20.93,48111,TX
TEXAS,DALLAS,25.3,48113,TX
TEXAS,DAWSON,25.0,48115,TX
TEXAS,DEAF SMITH,29.69,48117,TX
TEXAS,DELTA,16.13,48119,TX
TEXAS,DENTON,24.51,48121,TX
TEXAS,DICKENS,7.14,48125,TX
TEXAS,DIMMIT,24.32,48127,TX
TEXAS,DONLEY,23.33,48129,TX
TEXAS,DUVAL,33.33,48131,TX
TEXAS,EASTLAND,16.81,48133,TX
TEXAS,ECTOR,18.63,48135,TX
TEXAS,EDWARDS,21.43,48137,TX
TEXAS,EL PASO,28.67,48141,TX
TEXAS,ELLIS,24.85,48139,TX
TEXAS,ERATH,14.66,48143,TX
TEXAS,FALLS,16.0,48145,TX
TEXAS,FANNIN,18.75,48147,TX
TEXAS,FAYETTE,16.9,48149,TX
TEXAS,FISHER,5.88,48151,TX
TEXAS,FLOYD,20.93,48153,TX
TEXAS,FOARD,42.86,48155,TX
TEXAS,FORT BEND,19.79,48157,TX
TEXAS,FRANKLIN,30.36,48159,TX
TEXAS,FREESTONE,23.64,48161,TX
TEXAS,FRIO,25.86,48163,TX
TEXAS,GAINES,16.0,48165,TX
TEXAS,GALVESTON,22.64,48167,TX
TEXAS,GARZA,22.22,48169,TX
TEXAS,GILLESPIE,26.1,48171,TX
TEXAS,GLASSCOCK,0.0,48173,TX
TEXAS,GOLIAD,21.43,48175,TX
TEXAS,GONZALES,20.54,48177,TX
TEXAS,GRAY,21.51,48179,TX
TEXAS,GRAYSON,19.44,48181,TX
TEXAS,GREGG,19.88,48183,TX
TEXAS,GRIMES,21.28,48185,TX
TEXAS,GUADALUPE,25.0,48187,TX
TEXAS,HALE,15.6,48189,TX
TEXAS,HALL,18.52,48191,TX
TEXAS,HAMILTON,12.2,48193,TX
TEXAS,HANSFORD,9.68,48195,TX
TEXAS,HARDEMAN,18.52,48197,TX
TEXAS,HARDIN,34.12,48199,TX
TEXAS,HARRIS,24.17,48201,TX
TEXAS,HARRISON,23.29,48203,TX
TEXAS,HARTLEY,0.0,48205,TX
TEXAS,HASKELL,12.2,48207,TX
TEXAS,HAYS,17.9,48209,TX
TEXAS,HEMPHILL,5.88,48211,TX
TEXAS,HENDERSON,22.43,48213,TX
TEXAS,HIDALGO,33.81,48215,TX
TEXAS,HILL,19.89,48217,TX
TEXAS,HOCKLEY,26.51,48219,TX
TEXAS,HOOD,18.71,48221,TX
TEXAS,HOPKINS,18.58,48223,TX
TEXAS,HOUSTON,22.32,48225,TX
TEXAS,HOWARD,16.79,48227,TX
TEXAS,HUDSPETH,10.0,48229,TX
TEXAS,HUNT,23.53,48231,TX
TEXAS,HUTCHINSON,21.0,48233,TX
TEXAS,IRION,66.67,48235,TX
TEXAS,JACK,15.79,48237,TX
TEXAS,JACKSON,25.0,48239,TX
TEXAS,JASPER,34.52,48241,TX
TEXAS,JEFF DAVIS,22.22,48243,TX
TEXAS,JEFFERSON,27.47,48245,TX
TEXAS,JIM HOGG,11.11,48247,TX
TEXAS,JIM WELLS,19.67,48249,TX
TEXAS,JOHNSON,26.69,48251,TX
TEXAS,JONES,25.71,48253,TX
TEXAS,KARNES,19.28,48255,TX
TEXAS,KAUFMAN,22.2,48257,TX
TEXAS,KENDALL,18.93,48259,TX
TEXAS,KENEDY,0.0,48261,TX
TEXAS,KENT,0.0,48263,TX
TEXAS,KERR,20.48,48265,TX
TEXAS,KIMBLE,16.33,48267,TX
TEXAS,KING,100.0,48269,TX
TEXAS,KINNEY,17.65,48271,TX
TEXAS,KLEBERG,33.33,48273,TX
TEXAS,KNOX,20.83,48275,TX
TEXAS,LA SALLE,14.29,48283,TX
TEXAS,LAMAR,32.43,48277,TX
TEXAS,LAMB,18.84,48279,TX
TEXAS,LAMPASAS,21.49,48281,TX
TEXAS,LAVACA,22.75,48285,TX
TEXAS,LEE,31.51,48287,TX
TEXAS,LEON,21.23,48289,TX
TEXAS,LIBERTY,24.12,48291,TX
TEXAS,LIMESTONE,23.0,48293,TX
TEXAS,LIPSCOMB,20.0,48295,TX
TEXAS,LIVE OAK,22.5,48297,TX
TEXAS,LLANO,24.54,48299,TX
TEXAS,LUBBOCK,21.78,48303,TX
TEXAS,LYNN,25.0,48305,TX
TEXAS,MADISON,29.17,48313,TX
TEXAS,MARION,25.81,48315,TX
TEXAS,MARTIN,5.56,48317,TX
TEXAS,MASON,27.59,48319,TX
TEXAS,MATAGORDA,25.55,48321,TX
TEXAS,MAVERICK,29.86,48323,TX
TEXAS,MEDINA,31.55,48325,TX
TEXAS,MENARD,28.57,48327,TX
TEXAS,MIDLAND,20.05,48329,TX
TEXAS,MILAM,15.6,48331,TX
TEXAS,MILLS,7.41,48333,TX
TEXAS,MITCHELL,22.22,48335,TX
TEXAS,MONTAGUE,15.85,48337,TX
TEXAS,MONTGOMERY,21.51,48339,TX
TEXAS,MOORE,17.39,48341,TX
TEXAS,MORRIS,21.79,48343,TX
TEXAS,MOTLEY,30.77,48345,TX
TEXAS,NACOGDOCHES,18.8,48347,TX
TEXAS,NAVARRO,21.08,48349,TX
TEXAS,NEWTON,30.91,48351,TX
TEXAS,NOLAN,33.33,48353,TX
TEXAS,NUECES,24.28,48355,TX
TEXAS,OCHILTREE,10.34,48357,TX
TEXAS,OLDHAM,22.22,48359,TX
TEXAS,ORANGE,23.8,48361,TX
TEXAS,PALO PINTO,20.13,48363,TX
TEXAS,PANOLA,12.41,48365,TX
TEXAS,PARKER,27.83,48367,TX
TEXAS,PARMER,27.08,48369,TX
TEXAS,PECOS,12.07,48371,TX
TEXAS,POLK,20.35,48373,TX
TEXAS,POTTER,22.96,48375,TX
TEXAS,PRESIDIO,13.79,48377,TX
TEXAS,RAINS,22.54,48379,TX
TEXAS,RANDALL,24.14,48381,TX
TEXAS,REAGAN,16.67,48383,TX
TEXAS,REAL,26.67,48385,TX
TEXAS,RED RIVER,41.11,48387,TX
TEXAS,REEVES,16.36,48389,TX
TEXAS,REFUGIO,22.45,48391,TX
TEXAS,ROBERTS,0.0,48393,TX
TEXAS,ROBERTSON,29.63,48395,TX
TEXAS,ROCKWALL,18.58,48397,TX
TEXAS,RUNNELS,19.54,48399,TX
TEXAS,RUSK,20.31,48401,TX
TEXAS,SABINE,20.91,48403,TX
TEXAS,SAN AUGUSTINE,34.69,48405,TX
TEXAS,SAN JACINTO,23.19,48407,TX
TEXAS,SAN PATRICIO,27.59,48409,TX
TEXAS,SAN SABA,16.67,48411,TX
TEXAS,SCHLEICHER,30.77,48413,TX
TEXAS,SCURRY,17.95,48415,TX
TEXAS,SHACKELFORD,36.36,48417,TX
TEXAS,SHELBY,19.83,48419,TX
TEXAS,SHERMAN,9.09,48421,TX
TEXAS,SMITH,19.88,48423,TX
TEXAS,SOMERVELL,19.51,48425,TX
TEXAS,STARR,35.58,48427,TX
TEXAS,STEPHENS,27.66,48429,TX
TEXAS,STERLING,22.22,48431,TX
TEXAS,STONEWALL,27.27,48433,TX
TEXAS,SUTTON,16.67,48435,TX
TEXAS,SWISHER,30.23,48437,TX
TEXAS,TARRANT,26.38,48439,TX
TEXAS,TAYLOR,21.54,48441,TX
TEXAS,TERRELL,0.0,48443,TX
TEXAS,TERRY,20.83,48445,TX
TEXAS,THROCKMORTON,5.88,48447,TX
TEXAS,TITUS,20.69,48449,TX
TEXAS,TOM GREEN,27.05,48451,TX
TEXAS,TRAVIS,17.77,48453,TX
TEXAS,TRINITY,29.47,48455,TX
TEXAS,TYLER,29.82,48457,TX
TEXAS,UPSHUR,20.32,48459,TX
TEXAS,UPTON,16.67,48461,TX
TEXAS,UVALDE,11.76,48463,TX
TEXAS,VAL VERDE,31.36,48465,TX
TEXAS,VAN ZANDT,20.63,48467,TX
TEXAS,VICTORIA,27.06,48469,TX
TEXAS,WALKER,22.47,48471,TX
TEXAS,WALLER,16.0,48473,TX
TEXAS,WARD,17.14,48475,TX
TEXAS,WASHINGTON,22.35,48477,TX
TEXAS,WEBB,26.12,48479,TX
TEXAS,WHARTON,23.64,48481,TX
TEXAS,WHEELER,13.79,48483,TX
TEXAS,WICHITA,26.43,48485,TX
TEXAS,WILBARGER,15.79,48487,TX
TEXAS,WILLACY,48.08,48489,TX
TEXAS,WILLIAMSON,18.73,48491,TX
TEXAS,WILSON,24.22,48493,TX
TEXAS,WINKLER,18.52,48495,TX
TEXAS,WISE,27.47,48497,TX
TEXAS,WOOD,17.71,48499,TX
TEXAS,YOAKUM,25.93,48501,TX
TEXAS,YOUNG,21.55,48503,TX
TEXAS,ZAPATA,46.34,48505,TX
TEXAS,ZAVALA,18.52,48507,TX
UTAH,BEAVER,15.63,49001,UT
UTAH,BOX ELDER,21.25,49003,UT
UTAH,CACHE,21.54,49005,UT
UTAH,CARBON,18.71,49007,UT
UTAH,DAGGETT,22.22,49009,UT
UTAH,DAVIS,23.22,49011,UT
UTAH,DUCHESNE,14.47,49013,UT
UTAH,EMERY,16.33,49015,UT
UTAH,GARFIELD,20.41,49017,UT
UTAH,GRAND,18.42,49019,UT
UTAH,IRON,24.4,49021,UT
UTAH,JUAB,12.28,49023,UT
UTAH,KANE,17.72,49025,UT
UTAH,MILLARD,24.0,49027,UT
UTAH,MORGAN,21.95,49029,UT
UTAH,PIUTE,16.67,49031,UT
UTAH,RICH,14.29,49033,UT
UTAH,SALT LAKE,24.02,49035,UT
UTAH,SAN JUAN,20.55,49037,UT
UTAH,SANPETE,18.18,49039,UT
UTAH,SEVIER,21.77,49041,UT
UTAH,SUMMIT,12.82,49043,UT
UTAH,TOOELE,33.33,49045,UT
UTAH,UINTAH,12.28,49047,UT
UTAH,UTAH,23.96,49049,UT
UTAH,WASATCH,20.59,49051,UT
UTAH,WASHINGTON,21.64,49053,UT
UTAH,WAYNE,22.73,49055,UT
UTAH,WEBER,25.2,49057,UT
VERMONT,ADDISON,17.05,50001,VT
VERMONT,BENNINGTON,17.94,50003,VT
VERMONT,CALEDONIA,13.36,50005,VT
VERMONT,CHITTENDEN,15.68,50007,VT
VERMONT,ESSEX,14.29,50009,VT
VERMONT,FRANKLIN,22.38,50011,VT
VERMONT,GRAND ISLE,27.42,50013,VT
VERMONT,LAMOILLE,11.99,50015,VT
VERMONT,ORANGE,17.04,50017,VT
VERMONT,ORLEANS,11.79,50019,VT
VERMONT,RUTLAND,12.93,50021,VT
VERMONT,WASHINGTON,16.98,50023,VT
VERMONT,WINDHAM,10.59,50025,VT
VERMONT,WINDSOR,15.09,50027,VT
VIRGINIA,ACCOMACK,22.56,51001,VA
VIRGINIA,ALBEMARLE,18.06,51003,VA
VIRGINIA,ALEXANDRIA CITY,18.72,51510,VA
VIRGINIA,ALLEGHANY,27.27,51005,VA
VIRGINIA,AMELIA,25.71,51007,VA
VIRGINIA,AMHERST,28.57,51009,VA
VIRGINIA,APPOMATTOX,16.09,51011,VA
VIRGINIA,ARLINGTON,16.08,51013,VA
VIRGINIA,AUGUSTA,23.12,51015,VA
VIRGINIA,BATH,22.0,51017,VA
VIRGINIA,BEDFORD,21.11,51019,VA
VIRGINIA,BLAND,17.39,51021,VA
VIRGINIA,BOTETOURT,22.12,51023,VA
VIRGINIA,BRISTOL CITY,24.34,51520,VA
VIRGINIA,BRUNSWICK,25.96,51025,VA
VIRGINIA,BUCHANAN,25.29,51027,VA
VIRGINIA,BUCKINGHAM,28.09,51029,VA
VIRGINIA,BUENA VISTA CITY,31.15,51530,VA
VIRGINIA,CAMPBELL,22.4,51031,VA
VIRGINIA,CAROLINE,30.77,51033,VA
VIRGINIA,CARROLL,28.13,51035,VA
VIRGINIA,CHARLES CITY,24.64,51036,VA
VIRGINIA,CHARLOTTE,22.12,51037,VA
VIRGINIA,CHARLOTTESVILLE CITY,18.8,51540,VA
VIRGINIA,CHESAPEAKE CITY,22.99,51550,VA
VIRGINIA,CHESTERFIELD,19.74,51041,VA
VIRGINIA,CLARKE,22.83,51043,VA
VIRGINIA,COLONIAL HEIGHTS CITY,20.14,51570,VA
VIRGINIA,COVINGTON CITY,27.05,51580,VA
VIRGINIA,CRAIG,31.43,51045,VA
VIRGINIA,CULPEPER,25.0,51047,VA
VIRGINIA,CUMBERLAND,22.64,51049,VA
VIRGINIA,DANVILLE CITY,22.96,51590,VA
VIRGINIA,DICKENSON,33.8,51051,VA
VIRGINIA,DINWIDDIE,24.76,51053,VA
VIRGINIA,EMPORIA CITY,29.33,51595,VA
VIRGINIA,ESSEX,26.32,51057,VA
VIRGINIA,FAIRFAX,18.16,51059,VA
VIRGINIA,FAIRFAX CITY,21.35,51600,VA
VIRGINIA,FALLS CHURCH CITY,14.29,51610,VA
VIRGINIA,FAUQUIER,20.25,51061,VA
VIRGINIA,FLOYD,22.03,51063,VA
VIRGINIA,FLUVANNA,16.67,51065,VA
VIRGINIA,FRANKLIN,21.25,51067,VA
VIRGINIA,FRANKLIN CITY,20.0,51620,VA
VIRGINIA,FREDERICK,29.94,51069,VA
VIRGINIA,FREDERICKSBURG CITY,27.14,51630,VA
VIRGINIA,GALAX CITY,29.13,51640,VA
VIRGINIA,GILES,24.58,51071,VA
VIRGINIA,GLOUCESTER,24.1,51073,VA
VIRGINIA,GOOCHLAND,15.32,51075,VA
VIRGINIA,GRAYSON,27.06,51077,VA
VIRGINIA,GREENE,11.61,51079,VA
VIRGINIA,GREENSVILLE,30.0,51081,VA
VIRGINIA,HALIFAX,19.66,51083,VA
VIRGINIA,HAMPTON CITY,26.49,51650,VA
VIRGINIA,HANOVER,24.71,51085,VA
VIRGINIA,HARRISONBURG CITY,24.34,51660,VA
VIRGINIA,HENRICO,19.88,51087,VA
VIRGINIA,HENRY,26.34,51089,VA
VIRGINIA,HIGHLAND,17.24,51091,VA
VIRGINIA,HOPEWELL CITY,20.44,51670,VA
VIRGINIA,ISLE OF WIGHT,19.42,51093,VA
VIRGINIA,JAMES CITY,23.58,51095,VA
VIRGINIA,KING AND QUEEN,12.0,51097,VA
VIRGINIA,KING GEORGE,26.45,51099,VA
VIRGINIA,KING WILLIAM,25.96,51101,VA
VIRGINIA,LANCASTER,22.15,51103,VA
VIRGINIA,LEE,22.09,51105,VA
VIRGINIA,LEXINGTON CITY,18.42,51678,VA
VIRGINIA,LOUDOUN,19.13,51107,VA
VIRGINIA,LOUISA,15.79,51109,VA
VIRGINIA,LUNENBURG,24.29,51111,VA
VIRGINIA,LYNCHBURG CITY,26.44,51680,VA
VIRGINIA,MADISON,23.46,51113,VA
VIRGINIA,MANASSAS CITY,22.73,51683,VA
VIRGINIA,MARTINSVILLE CITY,31.46,51690,VA
VIRGINIA,MATHEWS,16.82,51115,VA
VIRGINIA,MECKLENBURG,19.76,51117,VA
VIRGINIA,MIDDLESEX,22.22,51119,VA
VIRGINIA,MONTGOMERY,20.6,51121,VA
VIRGINIA,NELSON,26.09,51125,VA
VIRGINIA,NEW KENT,22.41,51127,VA
VIRGINIA,NEWPORT NEWS CITY,24.64,51700,VA
VIRGINIA,NORFOLK CITY,21.28,51710,VA
VIRGINIA,NORTHAMPTON,20.0,51131,VA
VIRGINIA,NORTON CITY,28.57,51720,VA
VIRGINIA,NOTTOWAY,23.42,51135,VA
VIRGINIA,ORANGE,18.06,51137,VA
VIRGINIA,PAGE,23.37,51139,VA
VIRGINIA,PATRICK,22.73,51141,VA
VIRGINIA,PETERSBURG CITY,25.13,51730,VA
VIRGINIA,PITTSYLVANIA,23.23,51143,VA
VIRGINIA,PORTSMOUTH CITY,24.39,51740,VA
VIRGINIA,POWHATAN,22.28,51145,VA
VIRGINIA,PRINCE EDWARD,33.33,51147,VA
VIRGINIA,PRINCE GEORGE,19.23,51149,VA
VIRGINIA,PRINCE WILLIAM,22.83,51153,VA
VIRGINIA,PULASKI,31.67,51155,VA
VIRGINIA,RADFORD CITY,22.5,51750,VA
VIRGINIA,RAPPAHANNOCK,16.16,51157,VA
VIRGINIA,RICHMOND,20.63,51159,VA
VIRGINIA,RICHMOND CITY,23.25,51760,VA
VIRGINIA,ROANOKE,20.45,51161,VA
VIRGINIA,ROANOKE CITY,21.65,51770,VA
VIRGINIA,ROCKBRIDGE,28.13,51163,VA
VIRGINIA,ROCKINGHAM,26.02,51165,VA
VIRGINIA,RUSSELL,25.53,51167,VA
VIRGINIA,SALEM CITY,21.89,51775,VA
VIRGINIA,SCOTT,28.87,51169,VA
VIRGINIA,SHENANDOAH,31.71,51171,VA
VIRGINIA,SMYTH,18.93,51173,VA
VIRGINIA,SOUTHAMPTON,20.65,51175,VA
VIRGINIA,SPOTSYLVANIA,19.82,51177,VA
VIRGINIA,STAFFORD,18.26,51179,VA
VIRGINIA,STAUNTON CITY,28.03,51790,VA
VIRGINIA,SUFFOLK CITY,19.19,51800,VA
VIRGINIA,SURRY,25.0,51181,VA
VIRGINIA,SUSSEX,26.39,51183,VA
VIRGINIA,TAZEWELL,26.22,51185,VA
VIRGINIA,VIRGINIA BEACH CITY,22.41,51810,VA
VIRGINIA,WARREN,25.0,51187,VA
VIRGINIA,WASHINGTON,19.93,51191,VA
VIRGINIA,WAYNESBORO CITY,29.55,51820,VA
VIRGINIA,WESTMORELAND,20.39,51193,VA
VIRGINIA,WILLIAMSBURG CITY,14.14,51830,VA
VIRGINIA,WINCHESTER CITY,27.78,51840,VA
VIRGINIA,WISE,21.08,51195,VA
VIRGINIA,WYTHE,25.21,51197,VA
VIRGINIA,YORK,16.34,51199,VA
WASHINGTON,ADAMS,26.47,53001,WA
WASHINGTON,ASOTIN,25.28,53003,WA
WASHINGTON,BENTON,24.16,53005,WA
WASHINGTON,CHELAN,15.93,53007,WA
WASHINGTON,CLALLAM,18.3,53009,WA
WASHINGTON,CLARK,19.71,53011,WA
WASHINGTON,COLUMBIA,12.5,53013,WA
WASHINGTON,COWLITZ,19.31,53015,WA
WASHINGTON,DOUGLAS,18.0,53017,WA
WASHINGTON,FERRY,10.0,53019,WA
WASHINGTON,FRANKLIN,24.71,53021,WA
WASHINGTON,GARFIELD,28.57,53023,WA
WASHINGTON,GRANT,17.39,53025,WA
WASHINGTON,GRAYS HARBOR,18.69,53027,WA
WASHINGTON,ISLAND,15.05,53029,WA
WASHINGTON,JEFFERSON,14.21,53031,WA
WASHINGTON,KING,19.37,53033,WA
WASHINGTON,KITSAP,18.58,53035,WA
WASHINGTON,KITTITAS,18.28,53037,WA
WASHINGTON,KLICKITAT,12.92,53039,WA
WASHINGTON,LEWIS,21.73,53041,WA
WASHINGTON,LINCOLN,16.04,53043,WA
WASHINGTON,MASON,18.35,53045,WA
WASHINGTON,OKANOGAN,17.7,53047,WA
WASHINGTON,PACIFIC,18.47,53049,WA
WASHINGTON,PEND OREILLE,16.18,53051,WA
WASHINGTON,PIERCE,21.25,53053,WA
WASHINGTON,SAN JUAN,10.49,53055,WA
WASHINGTON,SKAGIT,15.0,53057,WA
WASHINGTON,SKAMANIA,8.57,53059,WA
WASHINGTON,SNOHOMISH,21.08,53061,WA
WASHINGTON,SPOKANE,19.69,53063,WA
WASHINGTON,STEVENS,15.74,53065,WA
WASHINGTON,THURSTON,17.84,53067,WA
WASHINGTON,WAHKIAKUM,15.79,53069,WA
WASHINGTON,WALLA WALLA,18.16,53071,WA
WASHINGTON,WHATCOM,19.44,53073,WA
WASHINGTON,WHITMAN,21.08,53075,WA
WASHINGTON,YAKIMA,21.45,53077,WA
WEST VIRGINIA,BARBOUR,26.44,54001,WV
WEST VIRGINIA,BERKELEY,23.28,54003,WV
WEST VIRGINIA,BOONE,29.89,54005,WV
WEST VIRGINIA,BRAXTON,21.92,54007,WV
WEST VIRGINIA,BROOKE,24.27,54009,WV
WEST VIRGINIA,CABELL,25.0,54011,WV
WEST VIRGINIA,CALHOUN,5.26,54013,WV
WEST VIRGINIA,CLAY,31.11,54015,WV
WEST VIRGINIA,DODDRIDGE,15.0,54017,WV
WEST VIRGINIA,FAYETTE,21.82,54019,WV
WEST VIRGINIA,GILMER,31.25,54021,WV
WEST VIRGINIA,GRANT,30.61,54023,WV
WEST VIRGINIA,GREENBRIER,27.92,54025,WV
WEST VIRGINIA,HAMPSHIRE,25.74,54027,WV
WEST VIRGINIA,HANCOCK,23.2,54029,WV
WEST VIRGINIA,HARDY,29.27,54031,WV
WEST VIRGINIA,HARRISON,26.07,54033,WV
WEST VIRGINIA,JACKSON,27.38,54035,WV
WEST VIRGINIA,JEFFERSON,23.94,54037,WV
WEST VIRGINIA,KANAWHA,29.12,54039,WV
WEST VIRGINIA,LEWIS,10.53,54041,WV
WEST VIRGINIA,LINCOLN,33.67,54043,WV
WEST VIRGINIA,LOGAN,30.89,54045,WV
WEST VIRGINIA,MARION,27.18,54049,WV
WEST VIRGINIA,MARSHALL,25.41,54051,WV
WEST VIRGINIA,MASON,26.67,54053,WV
WEST VIRGINIA,MERCER,23.08,54055,WV
WEST VIRGINIA,MINERAL,24.31,54057,WV
WEST VIRGINIA,MINGO,30.83,54059,WV
WEST VIRGINIA,MONONGALIA,22.89,54061,WV
WEST VIRGINIA,MONROE,17.78,54063,WV
WEST VIRGINIA,MORGAN,21.19,54065,WV
WEST VIRGINIA,NICHOLAS,18.12,54067,WV
WEST VIRGINIA,OHIO,23.59,54069,WV
WEST VIRGINIA,PENDLETON,24.39,54071,WV
WEST VIRGINIA,PLEASANTS,40.0,54073,WV
WEST VIRGINIA,POCAHONTAS,24.56,54075,WV
WEST VIRGINIA,PRESTON,28.24,54077,WV
WEST VIRGINIA,PUTNAM,29.57,54079,WV
WEST VIRGINIA,RALEIGH,20.87,54081,WV
WEST VIRGINIA,RANDOLPH,20.74,54083,WV
WEST VIRGINIA,RITCHIE,21.43,54085,WV
WEST VIRGINIA,ROANE,30.51,54087,WV
WEST VIRGINIA,SUMMERS,19.12,54089,WV
WEST VIRGINIA,TAYLOR,23.44,54091,WV
WEST VIRGINIA,TUCKER,28.26,54093,WV
WEST VIRGINIA,TYLER,32.5,54095,WV
WEST VIRGINIA,UPSHUR,19.2,54097,WV
WEST VIRGINIA,WAYNE,27.59,54099,WV
WEST VIRGINIA,WEBSTER,17.07,54101,WV
WEST VIRGINIA,WETZEL,19.28,54103,WV
WEST VIRGINIA,WIRT,29.41,54105,WV
WEST VIRGINIA,WOOD,20.19,54107,WV
WEST VIRGINIA,WYOMING,27.84,54109,WV
WISCONSIN,ADAMS,27.16,55001,WI
WISCONSIN,ASHLAND,23.96,55003,WI
WISCONSIN,BARRON,25.56,55005,WI
WISCONSIN,BAYFIELD,21.78,55007,WI
WISCONSIN,BROWN,26.29,55009,WI
WISCONSIN,BUFFALO,24.11,55011,WI
WISCONSIN,BURNETT,16.81,55013,WI
WISCONSIN,CALUMET,24.64,55015,WI
WISCONSIN,CHIPPEWA,24.03,55017,WI
WISCONSIN,CLARK,24.07,55019,WI
WISCONSIN,COLUMBIA,21.99,55021,WI
WISCONSIN,CRAWFORD,22.78,55023,WI
WISCONSIN,DANE,16.08,55025,WI
WISCONSIN,DODGE,25.0,55027,WI
WISCONSIN,DOOR,19.18,55029,WI
WISCONSIN,DOUGLAS,20.99,55031,WI
WISCONSIN,DUNN,20.79,55033,WI
WISCONSIN,EAU CLAIRE,23.54,55035,WI
WISCONSIN,FLORENCE,8.33,55037,WI
WISCONSIN,FOND DU LAC,29.1,55039,WI
WISCONSIN,FOREST,15.09,55041,WI
WISCONSIN,GRANT,19.81,55043,WI
WISCONSIN,GREEN,28.74,55045,WI
WISCONSIN,GREEN LAKE,25.68,55047,WI
WISCONSIN,IOWA,13.83,55049,WI
WISCONSIN,IRON,20.75,55051,WI
WISCONSIN,JACKSON,18.75,55053,WI
WISCONSIN,JEFFERSON,19.59,55055,WI
WISCONSIN,JUNEAU,24.03,55057,WI
WISCONSIN,KENOSHA,19.52,55059,WI
WISCONSIN,KEWAUNEE,23.19,55061,WI
WISCONSIN,LA CROSSE,28.02,55063,WI
WISCONSIN,LAFAYETTE,25.4,55065,WI
WISCONSIN,LANGLADE,14.61,55067,WI
WISCONSIN,LINCOLN,32.7,55069,WI
WISCONSIN,MANITOWOC,27.12,55071,WI
WISCONSIN,MARATHON,25.92,55073,WI
WISCONSIN,MARINETTE,26.4,55075,WI
WISCONSIN,MARQUETTE,23.73,55077,WI
WISCONSIN,MILWAUKEE,27.32,55079,WI
WISCONSIN,MONROE,31.25,55081,WI
WISCONSIN,OCONTO,20.91,55083,WI
WISCONSIN,ONEIDA,16.83,55085,WI
WISCONSIN,OUTAGAMIE,21.51,55087,WI
WISCONSIN,OZAUKEE,17.49,55089,WI
WISCONSIN,PEPIN,17.14,55091,WI
WISCONSIN,PIERCE,24.68,55093,WI
WISCONSIN,POLK,20.22,55095,WI
WISCONSIN,PORTAGE,16.49,55097,WI
WISCONSIN,PRICE,26.73,55099,WI
WISCONSIN,RACINE,22.77,55101,WI
WISCONSIN,RICHLAND,22.76,55103,WI
WISCONSIN,ROCK,23.1,55105,WI
WISCONSIN,RUSK,25.0,55107,WI
WISCONSIN,SAUK,17.61,55111,WI
WISCONSIN,SAWYER,22.43,55113,WI
WISCONSIN,SHAWANO,26.67,55115,WI
WISCONSIN,SHEBOYGAN,26.43,55117,WI
WISCONSIN,ST. CROIX,18.9,55109,WI
WISCONSIN,TAYLOR,17.91,55119,WI
WISCONSIN,TREMPEALEAU,24.84,55121,WI
WISCONSIN,VERNON,23.85,55123,WI
WISCONSIN,VILAS,24.06,55125,WI
WISCONSIN,WALWORTH,24.45,55127,WI
WISCONSIN,WASHBURN,25.71,55129,WI
WISCONSIN,WASHINGTON,24.95,55131,WI
WISCONSIN,WAUKESHA,23.52,55133,WI
WISCONSIN,WAUPACA,18.54,55135,WI
WISCONSIN,WAUSHARA,28.16,55137,WI
WISCONSIN,WINNEBAGO,30.45,55139,WI
WISCONSIN,WOOD,22.7,55141,WI
WYOMING,ALBANY,16.56,56001,WY
WYOMING,BIG HORN,19.23,56003,WY
WYOMING,CAMPBELL,15.73,56005,WY
WYOMING,CARBON,11.83,56007,WY
WYOMING,CONVERSE,14.46,56009,WY
WYOMING,CROOK,7.94,56011,WY
WYOMING,FREMONT,11.31,56013,WY
WYOMING,GOSHEN,15.52,56015,WY
WYOMING,HOT SPRINGS,4.62,56017,WY
WYOMING,JOHNSON,9.46,56019,WY
WYOMING,LARAMIE,16.92,56021,WY
WYOMING,LINCOLN,14.38,56023,WY
WYOMING,NATRONA,15.94,56025,WY
WYOMING,NIOBRARA,8.33,56027,WY
WYOMING,PARK,15.92,56029,WY
WYOMING,PLATTE,14.94,56031,WY
WYOMING,SHERIDAN,13.58,56033,WY
WYOMING,SUBLETTE,11.59,56035,WY
WYOMING,SWEETWATER,17.86,56037,WY
WYOMING,TETON,9.93,56039,WY
WYOMING,UINTA,14.04,56041,WY
WYOMING,WASHAKIE,16.87,56043,WY
WYOMING,WESTON,13.11,56045,WY
